encoder,readout,layer,set_size,mae_deg
supervised,slot,1,1,0.044855308141984365
supervised,slot,1,2,0.04875012173356168
supervised,slot,1,3,0.05200426573594007
supervised,slot,1,4,0.05559732122929186
supervised,slot,1,5,0.0599820854645469
supervised,slot,1,6,0.062260916577267275
supervised,slot,1,7,0.06808708014951237
supervised,slot,1,8,0.07663447237496857
supervised,slot,2,1,0.07350503615977877
supervised,slot,2,2,0.08694926744310283
supervised,slot,2,3,0.10461321716422418
supervised,slot,2,4,0.10733704957343361
supervised,slot,2,5,0.11475220367676633
supervised,slot,2,6,0.12118551257990715
supervised,slot,2,7,0.12072708844128965
supervised,slot,2,8,0.13517308182720456
supervised,slot,3,1,0.15419625912117643
supervised,slot,3,2,0.21133884887796442
supervised,slot,3,3,0.23218419260121823
supervised,slot,3,4,0.2432995235454949
supervised,slot,3,5,0.24541575683244088
supervised,slot,3,6,0.27433857440126064
supervised,slot,3,7,0.2557687829142603
supervised,slot,3,8,0.2880373212905947
supervised,slot,4,1,0.2569722735682822
supervised,slot,4,2,0.36749993024227956
supervised,slot,4,3,0.4111934401298228
supervised,slot,4,4,0.42228380539207166
supervised,slot,4,5,0.4361563254365406
supervised,slot,4,6,0.44557657945327195
supervised,slot,4,7,0.424223661333943
supervised,slot,4,8,0.514003562223583
supervised,slot,5,1,0.46332835080196394
supervised,slot,5,2,0.6377205282181774
supervised,slot,5,3,0.6673639059563227
supervised,slot,5,4,0.7005691697978874
supervised,slot,5,5,0.6854001536925141
supervised,slot,5,6,0.7141072607535092
supervised,slot,5,7,0.747532129713054
supervised,slot,5,8,0.8046937926118879
supervised,slot,6,1,0.5897806588077039
supervised,slot,6,2,0.8700328145637022
supervised,slot,6,3,0.9185080318646923
supervised,slot,6,4,1.0418174985523718
supervised,slot,6,5,0.9861698497929445
supervised,slot,6,6,0.9655964417822895
supervised,slot,6,7,1.0571229064358045
supervised,slot,6,8,1.1451742973627455
supervised,slot,7,1,0.8678503804683448
supervised,slot,7,2,1.2526047759712837
supervised,slot,7,3,1.3227133563227267
supervised,slot,7,4,1.4458550964496548
supervised,slot,7,5,1.37675128045099
supervised,slot,7,6,1.3687727201339623
supervised,slot,7,7,1.4689931394785765
supervised,slot,7,8,1.5709399395475152
supervised,slot,8,1,1.1170881237435015
supervised,slot,8,2,1.6358955050338735
supervised,slot,8,3,1.715763031441599
supervised,slot,8,4,1.6893230719831154
supervised,slot,8,5,1.7712238453375344
supervised,slot,8,6,1.750582098226907
supervised,slot,8,7,1.7690353490905386
supervised,slot,8,8,1.9001583643551663
supervised,slot,9,1,1.2568933128941877
supervised,slot,9,2,2.007309826158299
supervised,slot,9,3,2.015193729429797
supervised,slot,9,4,2.2093936055040793
supervised,slot,9,5,2.041784891967983
supervised,slot,9,6,2.0882776697128125
supervised,slot,9,7,2.1566275635870076
supervised,slot,9,8,2.1206648654982043
supervised,slot,10,1,1.337324876651373
supervised,slot,10,2,2.2313924191190444
supervised,slot,10,3,2.3672847897607037
supervised,slot,10,4,2.501649999636591
supervised,slot,10,5,2.2499722877603436
supervised,slot,10,6,2.2211976152356976
supervised,slot,10,7,2.2962486103110713
supervised,slot,10,8,2.433211888120434
supervised,slot,11,1,2.028891366162879
supervised,slot,11,2,3.113388034027748
supervised,slot,11,3,3.0986615161978106
supervised,slot,11,4,2.9960895024168392
supervised,slot,11,5,2.972009697726424
supervised,slot,11,6,2.8889999473162318
supervised,slot,11,7,2.9596167065368655
supervised,slot,11,8,3.114575771132345
supervised,slot,12,1,1.9466320049480914
supervised,slot,12,2,3.097310228135511
supervised,slot,12,3,3.323577125164812
supervised,slot,12,4,3.2280741898284466
supervised,slot,12,5,3.12206890623113
supervised,slot,12,6,3.008317127424224
supervised,slot,12,7,3.254273115624489
supervised,slot,12,8,3.2903125457593205
supervised,cls,1,1,6.766222402467496
supervised,cls,1,2,43.01929088704891
supervised,cls,1,3,48.13861381951766
supervised,cls,1,4,56.21538781100085
supervised,cls,1,5,59.5242723527
supervised,cls,1,6,61.281734993406985
supervised,cls,1,7,65.67548747030521
supervised,cls,1,8,66.6595590881533
supervised,cls,2,1,6.971904923203427
supervised,cls,2,2,18.895361927506517
supervised,cls,2,3,22.116468542624812
supervised,cls,2,4,26.5783332756877
supervised,cls,2,5,30.45728888174576
supervised,cls,2,6,32.145363360499296
supervised,cls,2,7,34.20846870839458
supervised,cls,2,8,38.67750374597976
supervised,cls,3,1,4.769350452179341
supervised,cls,3,2,8.437506114952866
supervised,cls,3,3,11.35712076240349
supervised,cls,3,4,12.47389605075719
supervised,cls,3,5,13.492643531528683
supervised,cls,3,6,15.355442253223526
supervised,cls,3,7,15.353176980298121
supervised,cls,3,8,18.466126800721277
supervised,cls,4,1,4.536108546075066
supervised,cls,4,2,8.777920750760115
supervised,cls,4,3,10.976800493947717
supervised,cls,4,4,12.332719687773098
supervised,cls,4,5,13.37573267015428
supervised,cls,4,6,15.34783119458409
supervised,cls,4,7,16.028030905589475
supervised,cls,4,8,17.89064400967872
supervised,cls,5,1,5.208992481622931
supervised,cls,5,2,8.81949265182551
supervised,cls,5,3,11.786037786691923
supervised,cls,5,4,13.683712989635918
supervised,cls,5,5,14.799085789669368
supervised,cls,5,6,16.834599313962027
supervised,cls,5,7,18.44187947751736
supervised,cls,5,8,18.79368938788498
supervised,cls,6,1,6.463426393991889
supervised,cls,6,2,11.889838042166152
supervised,cls,6,3,14.621136994620509
supervised,cls,6,4,16.49347380023948
supervised,cls,6,5,19.46279300679931
supervised,cls,6,6,20.24697745613355
supervised,cls,6,7,22.276888977450522
supervised,cls,6,8,25.808319980710372
supervised,cls,7,1,7.080663126425326
supervised,cls,7,2,12.96591562056831
supervised,cls,7,3,15.902633524213599
supervised,cls,7,4,18.38135616129261
supervised,cls,7,5,20.97115676998319
supervised,cls,7,6,22.716804959530368
supervised,cls,7,7,28.690832653153723
supervised,cls,7,8,29.01171995374868
supervised,cls,8,1,7.02612061199496
supervised,cls,8,2,14.393763816172967
supervised,cls,8,3,17.438539764427894
supervised,cls,8,4,20.878380721952315
supervised,cls,8,5,23.786447059255057
supervised,cls,8,6,27.690709735117203
supervised,cls,8,7,31.386675877650493
supervised,cls,8,8,32.56810766821801
supervised,cls,9,1,7.529064955835227
supervised,cls,9,2,14.394200988681305
supervised,cls,9,3,18.308393875446566
supervised,cls,9,4,22.47038387711526
supervised,cls,9,5,26.375206174806006
supervised,cls,9,6,31.1106054821392
supervised,cls,9,7,35.33299470846254
supervised,cls,9,8,34.05060287287696
supervised,cls,10,1,6.6932662399898675
supervised,cls,10,2,14.506503534559481
supervised,cls,10,3,19.785506072903818
supervised,cls,10,4,24.590791833542948
supervised,cls,10,5,27.003028508951758
supervised,cls,10,6,32.09921513659833
supervised,cls,10,7,35.478448413972934
supervised,cls,10,8,35.9039379057394
supervised,cls,11,1,7.184656299387801
supervised,cls,11,2,17.218514541391812
supervised,cls,11,3,23.096697517271032
supervised,cls,11,4,29.002240261542674
supervised,cls,11,5,31.343905902463202
supervised,cls,11,6,36.12633616966041
supervised,cls,11,7,38.04976723875587
supervised,cls,11,8,38.7735351622553
supervised,cls,12,1,6.911786209509282
supervised,cls,12,2,20.0214367621006
supervised,cls,12,3,26.523793675748717
supervised,cls,12,4,33.551827179215806
supervised,cls,12,5,35.51516365387725
supervised,cls,12,6,40.98752389974179
supervised,cls,12,7,41.49277815093247
supervised,cls,12,8,44.03477237677252
supervised,mean,1,1,7.096943773483242
supervised,mean,1,2,16.54703629024828
supervised,mean,1,3,20.28573906963408
supervised,mean,1,4,25.23930950546763
supervised,mean,1,5,26.593382416899072
supervised,mean,1,6,28.61618411728502
supervised,mean,1,7,29.88593895705367
supervised,mean,1,8,33.09149969675893
supervised,mean,2,1,3.5821570569435615
supervised,mean,2,2,6.646236975587026
supervised,mean,2,3,8.554401660144682
supervised,mean,2,4,9.55731190614065
supervised,mean,2,5,10.497044664920693
supervised,mean,2,6,11.988997651402446
supervised,mean,2,7,13.457922522554643
supervised,mean,2,8,13.931208279440849
supervised,mean,3,1,4.186427542847602
supervised,mean,3,2,7.457753053823541
supervised,mean,3,3,9.645743908084208
supervised,mean,3,4,10.60828184387831
supervised,mean,3,5,11.582136686445864
supervised,mean,3,6,12.535630352102569
supervised,mean,3,7,13.261450979191444
supervised,mean,3,8,14.277348011875784
supervised,mean,4,1,4.449967125282752
supervised,mean,4,2,8.56234993293248
supervised,mean,4,3,10.899345916292832
supervised,mean,4,4,12.882732294131957
supervised,mean,4,5,13.786482264108033
supervised,mean,4,6,15.386871988610121
supervised,mean,4,7,16.44688699199369
supervised,mean,4,8,17.31708014530831
supervised,mean,5,1,5.545771714467755
supervised,mean,5,2,10.63883773810519
supervised,mean,5,3,12.453657706540952
supervised,mean,5,4,14.31250791769276
supervised,mean,5,5,15.742646077381872
supervised,mean,5,6,18.032836771810917
supervised,mean,5,7,17.27580703584736
supervised,mean,5,8,19.70112577833233
supervised,mean,6,1,6.58617224764837
supervised,mean,6,2,13.284811486752126
supervised,mean,6,3,17.68499466091013
supervised,mean,6,4,18.709282263962482
supervised,mean,6,5,21.938532039751905
supervised,mean,6,6,24.659324026036554
supervised,mean,6,7,25.50659500680297
supervised,mean,6,8,27.661456144155906
supervised,mean,7,1,6.438709744279251
supervised,mean,7,2,13.316887179543162
supervised,mean,7,3,16.589365310608834
supervised,mean,7,4,20.566877592624117
supervised,mean,7,5,22.12126589138161
supervised,mean,7,6,25.307744010205273
supervised,mean,7,7,27.949168246286927
supervised,mean,7,8,30.373646487739535
supervised,mean,8,1,6.731932381843802
supervised,mean,8,2,14.827537778037842
supervised,mean,8,3,18.86685758205364
supervised,mean,8,4,21.05253267913336
supervised,mean,8,5,23.829436985809764
supervised,mean,8,6,26.998976344439782
supervised,mean,8,7,31.378936229182795
supervised,mean,8,8,30.55992487504091
supervised,mean,9,1,7.770140554734131
supervised,mean,9,2,15.111713547785145
supervised,mean,9,3,20.0396053918387
supervised,mean,9,4,24.420894549660584
supervised,mean,9,5,26.867311346036356
supervised,mean,9,6,29.263298848101638
supervised,mean,9,7,33.27589036863162
supervised,mean,9,8,33.46113920454094
supervised,mean,10,1,7.408672755523046
supervised,mean,10,2,16.34754327391786
supervised,mean,10,3,22.04805945717539
supervised,mean,10,4,25.203967252686258
supervised,mean,10,5,28.1382860456266
supervised,mean,10,6,32.33222657779597
supervised,mean,10,7,35.77363265503401
supervised,mean,10,8,37.18039002157378
supervised,mean,11,1,8.463161039266048
supervised,mean,11,2,20.98649149331174
supervised,mean,11,3,27.39987038893185
supervised,mean,11,4,30.919951686699704
supervised,mean,11,5,31.25328820483185
supervised,mean,11,6,36.54763115534165
supervised,mean,11,7,39.074281184610854
supervised,mean,11,8,41.070520564533716
supervised,mean,12,1,8.446006395305856
supervised,mean,12,2,23.042763262848823
supervised,mean,12,3,30.34334379943877
supervised,mean,12,4,35.28805962920337
supervised,mean,12,5,34.086013040107844
supervised,mean,12,6,38.54914433537487
supervised,mean,12,7,42.22913088593193
supervised,mean,12,8,45.51048388168939
clip,slot,1,1,0.15766636704823686
clip,slot,1,2,0.20748422825708066
clip,slot,1,3,0.2369842216269141
clip,slot,1,4,0.25056595923042374
clip,slot,1,5,0.2381669990390474
clip,slot,1,6,0.25656229541632936
clip,slot,1,7,0.2657480150386135
clip,slot,1,8,0.27437173040041574
clip,slot,2,1,0.19503898201292724
clip,slot,2,2,0.25697833956254035
clip,slot,2,3,0.27284154218663476
clip,slot,2,4,0.2942799539855713
clip,slot,2,5,0.3054340052462851
clip,slot,2,6,0.30821850949161606
clip,slot,2,7,0.3334765317639775
clip,slot,2,8,0.31619456623409475
clip,slot,3,1,0.23553632514635203
clip,slot,3,2,0.337075912835259
clip,slot,3,3,0.3800623022006257
clip,slot,3,4,0.38953145966543284
clip,slot,3,5,0.4221561987288509
clip,slot,3,6,0.4349172599606625
clip,slot,3,7,0.43709159220443494
clip,slot,3,8,0.4558593148228008
clip,slot,4,1,0.3431254233704683
clip,slot,4,2,0.4693948125527559
clip,slot,4,3,0.5322642010834694
clip,slot,4,4,0.5888598821558151
clip,slot,4,5,0.5699277687193596
clip,slot,4,6,0.6294077332524026
clip,slot,4,7,0.6721690117085809
clip,slot,4,8,0.6413150007583288
clip,slot,5,1,0.4125202376404235
clip,slot,5,2,0.6339286436500849
clip,slot,5,3,0.7317128367637838
clip,slot,5,4,0.7427334783579655
clip,slot,5,5,0.7457640627772272
clip,slot,5,6,0.8046719241732285
clip,slot,5,7,0.8857464685210582
clip,slot,5,8,0.874372367093875
clip,slot,6,1,0.5593663930579871
clip,slot,6,2,0.8184561544539986
clip,slot,6,3,0.9138655107199631
clip,slot,6,4,0.9967866257114671
clip,slot,6,5,0.977640078646382
clip,slot,6,6,0.9991525426325352
clip,slot,6,7,1.035782018444469
clip,slot,6,8,1.0273595625616587
clip,slot,7,1,0.5767688550286089
clip,slot,7,2,0.8750184368498042
clip,slot,7,3,0.9555716094270488
clip,slot,7,4,1.0077707284477329
clip,slot,7,5,1.0685319409450695
clip,slot,7,6,0.99780767445819
clip,slot,7,7,1.0491801567942862
clip,slot,7,8,1.1578162396470706
clip,slot,8,1,0.6833388070928932
clip,slot,8,2,1.095627341036417
clip,slot,8,3,1.1225947932728195
clip,slot,8,4,1.1768994904982741
clip,slot,8,5,1.2778497666132624
clip,slot,8,6,1.2132761085775432
clip,slot,8,7,1.1789600345914797
clip,slot,8,8,1.2362129472878305
clip,slot,9,1,0.8366068827466328
clip,slot,9,2,1.4946783657708875
clip,slot,9,3,1.3812204956726528
clip,slot,9,4,1.5146105224408115
clip,slot,9,5,1.4933667944593432
clip,slot,9,6,1.3677874972708235
clip,slot,9,7,1.43241815186955
clip,slot,9,8,1.4294903896304287
clip,slot,10,1,1.1375987040922313
clip,slot,10,2,1.6187813714156578
clip,slot,10,3,1.698428380842338
clip,slot,10,4,1.6942722474577347
clip,slot,10,5,1.7568416649143914
clip,slot,10,6,1.665682651664019
clip,slot,10,7,1.8006359294042675
clip,slot,10,8,1.7683837784830352
clip,slot,11,1,1.4353203423825656
clip,slot,11,2,1.9857449529537843
clip,slot,11,3,1.968055189362779
clip,slot,11,4,2.111684732787484
clip,slot,11,5,2.1184674991839354
clip,slot,11,6,1.956654539452882
clip,slot,11,7,1.9906399349255652
clip,slot,11,8,2.1482671602587176
clip,slot,12,1,1.4432241117276279
clip,slot,12,2,2.3166133724418096
clip,slot,12,3,2.3880248376033797
clip,slot,12,4,2.2134655018935736
clip,slot,12,5,2.2774050494213944
clip,slot,12,6,2.2245734595314497
clip,slot,12,7,2.3727610484088193
clip,slot,12,8,2.4435726925600973
clip,cls,1,1,6.428218635216139
clip,cls,1,2,33.069024927350114
clip,cls,1,3,41.928896640258564
clip,cls,1,4,46.96976516968715
clip,cls,1,5,53.824089049569636
clip,cls,1,6,55.21150657310789
clip,cls,1,7,59.5985966280654
clip,cls,1,8,65.00621533069888
clip,cls,2,1,5.787310210099327
clip,cls,2,2,22.036445325107525
clip,cls,2,3,31.88679656102434
clip,cls,2,4,38.9457791206855
clip,cls,2,5,43.38988318580268
clip,cls,2,6,46.34631881025794
clip,cls,2,7,53.38478286653954
clip,cls,2,8,56.16473824032437
clip,cls,3,1,6.192172021706163
clip,cls,3,2,14.167352678271403
clip,cls,3,3,20.821677050602574
clip,cls,3,4,24.56590853090724
clip,cls,3,5,27.1663596744172
clip,cls,3,6,30.000938299023844
clip,cls,3,7,35.47088692777993
clip,cls,3,8,34.57908862242408
clip,cls,4,1,5.099299719938774
clip,cls,4,2,11.318279675043115
clip,cls,4,3,13.338571181420633
clip,cls,4,4,15.517853274041485
clip,cls,4,5,16.753767015934994
clip,cls,4,6,18.914611692086524
clip,cls,4,7,21.137057254737087
clip,cls,4,8,22.325465394901496
clip,cls,5,1,5.896353894536951
clip,cls,5,2,10.430325273567306
clip,cls,5,3,12.266433828057638
clip,cls,5,4,13.7233019730114
clip,cls,5,5,16.405576637530615
clip,cls,5,6,17.616863114524495
clip,cls,5,7,19.01287973816928
clip,cls,5,8,21.115520830332972
clip,cls,6,1,4.910784057360466
clip,cls,6,2,11.109979838406224
clip,cls,6,3,12.659895436355807
clip,cls,6,4,15.327445659593733
clip,cls,6,5,18.934260183342086
clip,cls,6,6,20.346238597923204
clip,cls,6,7,20.416548311073196
clip,cls,6,8,22.576522736959053
clip,cls,7,1,5.261591896146076
clip,cls,7,2,11.904832525275946
clip,cls,7,3,14.6063396662485
clip,cls,7,4,16.690667486313572
clip,cls,7,5,18.25649768163281
clip,cls,7,6,18.139312010988757
clip,cls,7,7,21.45209710428123
clip,cls,7,8,23.28438284376274
clip,cls,8,1,5.489718833894818
clip,cls,8,2,12.691131547410423
clip,cls,8,3,15.005233583911735
clip,cls,8,4,17.703491661397223
clip,cls,8,5,19.704752025336035
clip,cls,8,6,20.999503047528535
clip,cls,8,7,24.535396485074084
clip,cls,8,8,26.553896068680466
clip,cls,9,1,6.341797227555045
clip,cls,9,2,15.030684693019651
clip,cls,9,3,17.590431525993026
clip,cls,9,4,19.11233761913956
clip,cls,9,5,22.978562061902217
clip,cls,9,6,25.026919827649206
clip,cls,9,7,26.24675822870558
clip,cls,9,8,31.419711355902066
clip,cls,10,1,6.650192053430063
clip,cls,10,2,15.044361676843836
clip,cls,10,3,18.159780391056426
clip,cls,10,4,20.854138554676513
clip,cls,10,5,22.833314217396005
clip,cls,10,6,24.220605589284197
clip,cls,10,7,26.85272553489465
clip,cls,10,8,30.936634448074656
clip,cls,11,1,7.525463670914444
clip,cls,11,2,16.965234647905
clip,cls,11,3,20.868176981144018
clip,cls,11,4,21.346991834729486
clip,cls,11,5,26.057575559981398
clip,cls,11,6,28.093610166625258
clip,cls,11,7,29.02206915713531
clip,cls,11,8,33.518949951730335
clip,cls,12,1,6.959342109220361
clip,cls,12,2,18.135287913386037
clip,cls,12,3,20.103421330543988
clip,cls,12,4,22.329774119954084
clip,cls,12,5,27.10603138936261
clip,cls,12,6,28.4365224724816
clip,cls,12,7,28.22514094870426
clip,cls,12,8,32.52428490936054
clip,mean,1,1,5.98327769163176
clip,mean,1,2,21.085610655727287
clip,mean,1,3,27.103253486843286
clip,mean,1,4,34.03284989206706
clip,mean,1,5,38.84909157739146
clip,mean,1,6,42.22310208978076
clip,mean,1,7,45.60223298451849
clip,mean,1,8,47.953109033356775
clip,mean,2,1,5.348071256301717
clip,mean,2,2,13.326354813719709
clip,mean,2,3,16.124012194216245
clip,mean,2,4,19.213662803427738
clip,mean,2,5,21.967479154203673
clip,mean,2,6,24.842716686203733
clip,mean,2,7,25.524612509934926
clip,mean,2,8,31.082143645951707
clip,mean,3,1,4.80303451518409
clip,mean,3,2,10.663130773274228
clip,mean,3,3,12.857705803850203
clip,mean,3,4,15.478459486360315
clip,mean,3,5,17.008616199208298
clip,mean,3,6,18.869895388280028
clip,mean,3,7,20.901209822517536
clip,mean,3,8,21.898443685049063
clip,mean,4,1,4.7715763638782605
clip,mean,4,2,10.251741755411043
clip,mean,4,3,11.900230714759804
clip,mean,4,4,13.994470882664414
clip,mean,4,5,15.023891040793348
clip,mean,4,6,15.88236947113416
clip,mean,4,7,16.580630200974248
clip,mean,4,8,18.431277004801544
clip,mean,5,1,6.373117443182607
clip,mean,5,2,10.412447978724682
clip,mean,5,3,12.767594248381526
clip,mean,5,4,14.779655945492308
clip,mean,5,5,17.673545755977916
clip,mean,5,6,19.082569734887095
clip,mean,5,7,19.746243443295906
clip,mean,5,8,21.53884286370675
clip,mean,6,1,4.800148479922875
clip,mean,6,2,9.88810789467391
clip,mean,6,3,13.731027539066233
clip,mean,6,4,16.022500718653593
clip,mean,6,5,16.564097288874517
clip,mean,6,6,17.778263141433296
clip,mean,6,7,18.674460267401066
clip,mean,6,8,19.21411603644746
clip,mean,7,1,5.004222443975594
clip,mean,7,2,10.933102599697316
clip,mean,7,3,14.240881471448873
clip,mean,7,4,16.41083142891039
clip,mean,7,5,18.47506837017668
clip,mean,7,6,19.56598693438397
clip,mean,7,7,20.25476037042812
clip,mean,7,8,21.511752908906054
clip,mean,8,1,5.359666910951308
clip,mean,8,2,12.41962216804409
clip,mean,8,3,16.40854708327303
clip,mean,8,4,18.727464233225387
clip,mean,8,5,19.377814217313112
clip,mean,8,6,20.98639965853139
clip,mean,8,7,21.068005940283072
clip,mean,8,8,24.4214728180581
clip,mean,9,1,6.4061898683418965
clip,mean,9,2,14.691183036400561
clip,mean,9,3,16.61223969299929
clip,mean,9,4,19.659025779948678
clip,mean,9,5,21.62779532909553
clip,mean,9,6,23.49756233681981
clip,mean,9,7,24.907776185799637
clip,mean,9,8,27.532491371437636
clip,mean,10,1,6.453509390146437
clip,mean,10,2,14.641005612898894
clip,mean,10,3,19.426171600785047
clip,mean,10,4,22.172763677993668
clip,mean,10,5,24.732012144189756
clip,mean,10,6,26.26110414649522
clip,mean,10,7,27.198878830254884
clip,mean,10,8,29.81930754582098
clip,mean,11,1,6.934102353808408
clip,mean,11,2,17.950509964353575
clip,mean,11,3,20.9064410573994
clip,mean,11,4,26.08052109245696
clip,mean,11,5,27.521302493930072
clip,mean,11,6,29.48710699327827
clip,mean,11,7,31.65590365652769
clip,mean,11,8,34.51902255459351
clip,mean,12,1,7.203883839816928
clip,mean,12,2,18.331771394037226
clip,mean,12,3,22.338612340913663
clip,mean,12,4,27.591530272793378
clip,mean,12,5,28.80214237130029
clip,mean,12,6,32.0186005848692
clip,mean,12,7,32.63066962718119
clip,mean,12,8,35.34766855700927
dinov2,slot,1,1,0.07892201046323973
dinov2,slot,1,2,0.09329991960284245
dinov2,slot,1,3,0.09981591809086741
dinov2,slot,1,4,0.10167938032228639
dinov2,slot,1,5,0.10125618404096609
dinov2,slot,1,6,0.11621876405603587
dinov2,slot,1,7,0.10161039114347663
dinov2,slot,1,8,0.11220386276419814
dinov2,slot,2,1,0.14943037846804821
dinov2,slot,2,2,0.25895689747521133
dinov2,slot,2,3,0.2644429361406851
dinov2,slot,2,4,0.26913884818228245
dinov2,slot,2,5,0.27932248112121666
dinov2,slot,2,6,0.29434344997367123
dinov2,slot,2,7,0.2857318694844032
dinov2,slot,2,8,0.30213670647830987
dinov2,slot,3,1,0.2908319189250971
dinov2,slot,3,2,0.47728388079471096
dinov2,slot,3,3,0.5195987846532418
dinov2,slot,3,4,0.49655244356823525
dinov2,slot,3,5,0.5229562211220019
dinov2,slot,3,6,0.520709790696911
dinov2,slot,3,7,0.5191676294869584
dinov2,slot,3,8,0.5383974645780871
dinov2,slot,4,1,0.4771839391732576
dinov2,slot,4,2,0.660825121396296
dinov2,slot,4,3,0.731351139820762
dinov2,slot,4,4,0.6884828490441945
dinov2,slot,4,5,0.7298647904051873
dinov2,slot,4,6,0.6925075353963245
dinov2,slot,4,7,0.7919326393577509
dinov2,slot,4,8,0.7498057391617224
dinov2,slot,5,1,0.5566085670619089
dinov2,slot,5,2,0.7845005087632958
dinov2,slot,5,3,0.9176915767203061
dinov2,slot,5,4,0.9722777763890362
dinov2,slot,5,5,0.9546738765815721
dinov2,slot,5,6,0.927191985790058
dinov2,slot,5,7,1.0732885566102621
dinov2,slot,5,8,1.018925811219078
dinov2,slot,6,1,0.7589897030822692
dinov2,slot,6,2,1.1057708643664392
dinov2,slot,6,3,1.2143424405245373
dinov2,slot,6,4,1.2982898761902726
dinov2,slot,6,5,1.2905830388311106
dinov2,slot,6,6,1.2595743214873736
dinov2,slot,6,7,1.2883791345404993
dinov2,slot,6,8,1.4287048363942176
dinov2,slot,7,1,0.9446994897156981
dinov2,slot,7,2,1.391932380551347
dinov2,slot,7,3,1.5644558953675674
dinov2,slot,7,4,1.539451294269165
dinov2,slot,7,5,1.607337845666309
dinov2,slot,7,6,1.6232294766001296
dinov2,slot,7,7,1.688810233158522
dinov2,slot,7,8,1.6536592503438399
dinov2,slot,8,1,1.1609998077434087
dinov2,slot,8,2,1.9390711723477885
dinov2,slot,8,3,1.9180705961031737
dinov2,slot,8,4,2.0825544879960955
dinov2,slot,8,5,2.1870628798138743
dinov2,slot,8,6,1.9965999000300827
dinov2,slot,8,7,2.224700530675018
dinov2,slot,8,8,2.205687261898337
dinov2,slot,9,1,1.4324129000460175
dinov2,slot,9,2,2.433974190618175
dinov2,slot,9,3,2.38391985833524
dinov2,slot,9,4,2.713621768292812
dinov2,slot,9,5,2.5154128849556674
dinov2,slot,9,6,2.458570908215286
dinov2,slot,9,7,2.4350969383332557
dinov2,slot,9,8,2.458833200183925
dinov2,slot,10,1,1.7572809903022852
dinov2,slot,10,2,2.7847575409352707
dinov2,slot,10,3,2.704317525350597
dinov2,slot,10,4,2.891722829160034
dinov2,slot,10,5,2.7293202600298927
dinov2,slot,10,6,2.6690888130099575
dinov2,slot,10,7,2.690749959919005
dinov2,slot,10,8,2.6827798834519827
dinov2,slot,11,1,1.733701434043413
dinov2,slot,11,2,3.6907079586391456
dinov2,slot,11,3,3.1829907371176964
dinov2,slot,11,4,3.357870325262049
dinov2,slot,11,5,3.1712757861662837
dinov2,slot,11,6,2.9987453917393294
dinov2,slot,11,7,3.025102718104248
dinov2,slot,11,8,2.9633545948041906
dinov2,slot,12,1,1.865128645488453
dinov2,slot,12,2,3.9388664784330194
dinov2,slot,12,3,3.4457126654726995
dinov2,slot,12,4,3.7674062378504503
dinov2,slot,12,5,3.2906517094963728
dinov2,slot,12,6,3.2132421924077073
dinov2,slot,12,7,3.1177967877964683
dinov2,slot,12,8,3.1507562450384494
dinov2,cls,1,1,5.367756260148903
dinov2,cls,1,2,25.48490543243347
dinov2,cls,1,3,37.293301302139795
dinov2,cls,1,4,48.77893486722732
dinov2,cls,1,5,52.826627085307315
dinov2,cls,1,6,54.74889427305953
dinov2,cls,1,7,60.68357453576935
dinov2,cls,1,8,63.1820753035884
dinov2,cls,2,1,6.374118435572349
dinov2,cls,2,2,16.97412726259272
dinov2,cls,2,3,21.189006698972097
dinov2,cls,2,4,27.2255711556684
dinov2,cls,2,5,32.13690417138229
dinov2,cls,2,6,37.486666422269906
dinov2,cls,2,7,39.04617926198824
dinov2,cls,2,8,42.88595665653936
dinov2,cls,3,1,6.942277436762609
dinov2,cls,3,2,16.654021147729637
dinov2,cls,3,3,22.645619599071605
dinov2,cls,3,4,26.9564955422953
dinov2,cls,3,5,33.48178217496706
dinov2,cls,3,6,35.69676723251266
dinov2,cls,3,7,35.86591098873863
dinov2,cls,3,8,39.560278127781174
dinov2,cls,4,1,5.968811073420171
dinov2,cls,4,2,15.099563974829671
dinov2,cls,4,3,18.223287443052453
dinov2,cls,4,4,22.119965135516424
dinov2,cls,4,5,27.25274678253349
dinov2,cls,4,6,31.77404072579021
dinov2,cls,4,7,33.085092647896005
dinov2,cls,4,8,37.627279152459785
dinov2,cls,5,1,5.903088286656798
dinov2,cls,5,2,14.338095853633433
dinov2,cls,5,3,16.577898260740657
dinov2,cls,5,4,20.001606860778836
dinov2,cls,5,5,23.59217260170614
dinov2,cls,5,6,27.72706373097552
dinov2,cls,5,7,29.287727411134277
dinov2,cls,5,8,32.89614994567891
dinov2,cls,6,1,6.644327409054167
dinov2,cls,6,2,14.212672660163415
dinov2,cls,6,3,17.200413885045663
dinov2,cls,6,4,21.699618401135368
dinov2,cls,6,5,24.433688645601528
dinov2,cls,6,6,27.521330472303045
dinov2,cls,6,7,28.6734225937187
dinov2,cls,6,8,34.54584246159444
dinov2,cls,7,1,5.781239278394122
dinov2,cls,7,2,13.67548595297057
dinov2,cls,7,3,16.73694548128398
dinov2,cls,7,4,20.59065331186293
dinov2,cls,7,5,25.453334087560577
dinov2,cls,7,6,26.664432440804465
dinov2,cls,7,7,28.814133579322792
dinov2,cls,7,8,31.000080903711126
dinov2,cls,8,1,5.979799392105701
dinov2,cls,8,2,13.211444358102256
dinov2,cls,8,3,15.922977868701441
dinov2,cls,8,4,20.891166302561032
dinov2,cls,8,5,25.030059032738237
dinov2,cls,8,6,27.377782845421706
dinov2,cls,8,7,28.8145908983088
dinov2,cls,8,8,31.290225496122552
dinov2,cls,9,1,6.834659100133601
dinov2,cls,9,2,13.571703892359261
dinov2,cls,9,3,16.892719310355105
dinov2,cls,9,4,19.350060733291787
dinov2,cls,9,5,23.62375965116664
dinov2,cls,9,6,26.693104327326242
dinov2,cls,9,7,27.086455982113023
dinov2,cls,9,8,31.47264638784978
dinov2,cls,10,1,6.100683052112063
dinov2,cls,10,2,13.922930619708527
dinov2,cls,10,3,16.941414749038174
dinov2,cls,10,4,19.06003360699672
dinov2,cls,10,5,22.482967235377625
dinov2,cls,10,6,23.918701741126917
dinov2,cls,10,7,24.183207506742043
dinov2,cls,10,8,27.64217679268739
dinov2,cls,11,1,5.9219398285598865
dinov2,cls,11,2,15.996727541917618
dinov2,cls,11,3,18.27529673922543
dinov2,cls,11,4,20.175269890598035
dinov2,cls,11,5,22.543019712760273
dinov2,cls,11,6,22.68885749485578
dinov2,cls,11,7,25.182832948733186
dinov2,cls,11,8,27.33239937105349
dinov2,cls,12,1,7.469629701123953
dinov2,cls,12,2,15.974238719798617
dinov2,cls,12,3,18.754155711899067
dinov2,cls,12,4,21.434925800169047
dinov2,cls,12,5,23.2379812372572
dinov2,cls,12,6,24.911069577726426
dinov2,cls,12,7,27.512392197129063
dinov2,cls,12,8,28.897966792081956
dinov2,mean,1,1,5.614280727426744
dinov2,mean,1,2,22.52868434266775
dinov2,mean,1,3,30.01188551346909
dinov2,mean,1,4,37.26506169409764
dinov2,mean,1,5,40.94611989019238
dinov2,mean,1,6,43.52555302675812
dinov2,mean,1,7,50.42019844305606
dinov2,mean,1,8,53.03073438763541
dinov2,mean,2,1,6.7576141753109935
dinov2,mean,2,2,19.198205615228613
dinov2,mean,2,3,24.662708903293183
dinov2,mean,2,4,28.64616773624804
dinov2,mean,2,5,34.18017781294865
dinov2,mean,2,6,38.54939767738657
dinov2,mean,2,7,39.37149448903371
dinov2,mean,2,8,44.74522097940007
dinov2,mean,3,1,6.459630283552744
dinov2,mean,3,2,16.868479063451606
dinov2,mean,3,3,19.436166151367537
dinov2,mean,3,4,22.468518057867865
dinov2,mean,3,5,26.14368371193487
dinov2,mean,3,6,28.79923829103361
dinov2,mean,3,7,29.758281951916835
dinov2,mean,3,8,35.07108411080862
dinov2,mean,4,1,6.825840958718605
dinov2,mean,4,2,14.351970031409685
dinov2,mean,4,3,16.07903829251621
dinov2,mean,4,4,18.663692747352222
dinov2,mean,4,5,21.6943286344525
dinov2,mean,4,6,25.331397936411975
dinov2,mean,4,7,25.480649991296147
dinov2,mean,4,8,28.886484143367532
dinov2,mean,5,1,5.813341976983775
dinov2,mean,5,2,14.12712305026623
dinov2,mean,5,3,15.949243035316092
dinov2,mean,5,4,19.387208669569358
dinov2,mean,5,5,21.598735689713138
dinov2,mean,5,6,22.596354496211962
dinov2,mean,5,7,24.68317908696072
dinov2,mean,5,8,27.893722299817906
dinov2,mean,6,1,5.9703993513901095
dinov2,mean,6,2,12.150454661437502
dinov2,mean,6,3,13.855617120389656
dinov2,mean,6,4,15.986556165752262
dinov2,mean,6,5,19.30928374332023
dinov2,mean,6,6,19.718797369332275
dinov2,mean,6,7,19.96781384430956
dinov2,mean,6,8,22.945451092625213
dinov2,mean,7,1,5.710557278814993
dinov2,mean,7,2,12.790962597714701
dinov2,mean,7,3,14.36818856415411
dinov2,mean,7,4,17.353978583943903
dinov2,mean,7,5,21.294332302775555
dinov2,mean,7,6,23.264787738205595
dinov2,mean,7,7,23.11737740594963
dinov2,mean,7,8,24.882017212546284
dinov2,mean,8,1,5.633546466471291
dinov2,mean,8,2,12.847697230957078
dinov2,mean,8,3,15.58108910185558
dinov2,mean,8,4,18.867966948301312
dinov2,mean,8,5,21.566794317182254
dinov2,mean,8,6,23.930304493344476
dinov2,mean,8,7,24.177553288809445
dinov2,mean,8,8,25.85830147817041
dinov2,mean,9,1,6.629969689751966
dinov2,mean,9,2,15.153759229688923
dinov2,mean,9,3,17.20740021549651
dinov2,mean,9,4,18.3076860128362
dinov2,mean,9,5,20.660374333194966
dinov2,mean,9,6,23.932519592910683
dinov2,mean,9,7,24.703996315466124
dinov2,mean,9,8,23.975490661187425
dinov2,mean,10,1,6.545821892255017
dinov2,mean,10,2,14.479208326301231
dinov2,mean,10,3,19.018626796077513
dinov2,mean,10,4,20.296151605757153
dinov2,mean,10,5,23.536429739591107
dinov2,mean,10,6,25.643140584246257
dinov2,mean,10,7,24.941782381395164
dinov2,mean,10,8,25.64597409831613
dinov2,mean,11,1,7.766154596973523
dinov2,mean,11,2,16.26029427122647
dinov2,mean,11,3,20.45392477176401
dinov2,mean,11,4,22.777166463774897
dinov2,mean,11,5,23.597906865899567
dinov2,mean,11,6,26.12113077027195
dinov2,mean,11,7,27.847022280032892
dinov2,mean,11,8,27.840084331063654
dinov2,mean,12,1,7.203397414564617
dinov2,mean,12,2,16.609943503135014
dinov2,mean,12,3,20.976933089024424
dinov2,mean,12,4,22.325570763129495
dinov2,mean,12,5,23.637216115534198
dinov2,mean,12,6,25.01177302487515
dinov2,mean,12,7,25.777375160176366
dinov2,mean,12,8,27.050467843246217
dinov2_reg,slot,1,1,0.05434214225718932
dinov2_reg,slot,1,2,0.06714330713180465
dinov2_reg,slot,1,3,0.06876816022642501
dinov2_reg,slot,1,4,0.06322720494643595
dinov2_reg,slot,1,5,0.06990062876002685
dinov2_reg,slot,1,6,0.0716346974084974
dinov2_reg,slot,1,7,0.07752944645459237
dinov2_reg,slot,1,8,0.08212633321744946
dinov2_reg,slot,2,1,0.1432952462193212
dinov2_reg,slot,2,2,0.19478137947330781
dinov2_reg,slot,2,3,0.22075683895003437
dinov2_reg,slot,2,4,0.20915695682427213
dinov2_reg,slot,2,5,0.21354839139868034
dinov2_reg,slot,2,6,0.21952834920738112
dinov2_reg,slot,2,7,0.2401413785684096
dinov2_reg,slot,2,8,0.22308378464646508
dinov2_reg,slot,3,1,0.29795318518023295
dinov2_reg,slot,3,2,0.40058162985862794
dinov2_reg,slot,3,3,0.4300135847897592
dinov2_reg,slot,3,4,0.44396842801525976
dinov2_reg,slot,3,5,0.4604150862007981
dinov2_reg,slot,3,6,0.46993709937185435
dinov2_reg,slot,3,7,0.4631410810475285
dinov2_reg,slot,3,8,0.4761583766122039
dinov2_reg,slot,4,1,0.4144357053681427
dinov2_reg,slot,4,2,0.6026001751129915
dinov2_reg,slot,4,3,0.6733436596063589
dinov2_reg,slot,4,4,0.6933360276025298
dinov2_reg,slot,4,5,0.7144008453255893
dinov2_reg,slot,4,6,0.7154681556357158
dinov2_reg,slot,4,7,0.7574553615431291
dinov2_reg,slot,4,8,0.7059746931636984
dinov2_reg,slot,5,1,0.5844009501221054
dinov2_reg,slot,5,2,0.7691848897021978
dinov2_reg,slot,5,3,0.9529473301329516
dinov2_reg,slot,5,4,0.9574712408597114
dinov2_reg,slot,5,5,0.9687193757481496
dinov2_reg,slot,5,6,1.011599757809316
dinov2_reg,slot,5,7,1.0197619936791402
dinov2_reg,slot,5,8,1.0281673084537746
dinov2_reg,slot,6,1,0.7166531820993126
dinov2_reg,slot,6,2,1.1128487594748517
dinov2_reg,slot,6,3,1.2522289369737358
dinov2_reg,slot,6,4,1.165120366431874
dinov2_reg,slot,6,5,1.314145602531771
dinov2_reg,slot,6,6,1.372916524282315
dinov2_reg,slot,6,7,1.322204110079011
dinov2_reg,slot,6,8,1.3894723811232106
dinov2_reg,slot,7,1,0.8932065928283233
dinov2_reg,slot,7,2,1.3651234229924303
dinov2_reg,slot,7,3,1.6281461340116603
dinov2_reg,slot,7,4,1.5137538002540245
dinov2_reg,slot,7,5,1.5598672498174564
dinov2_reg,slot,7,6,1.6672309866805235
dinov2_reg,slot,7,7,1.518315656846604
dinov2_reg,slot,7,8,1.5930096569274512
dinov2_reg,slot,8,1,1.1760829619702335
dinov2_reg,slot,8,2,1.7353109114196679
dinov2_reg,slot,8,3,1.9177178833586732
dinov2_reg,slot,8,4,1.8891617557882827
dinov2_reg,slot,8,5,1.8894243618564888
dinov2_reg,slot,8,6,2.0427853296418816
dinov2_reg,slot,8,7,1.987077643541066
dinov2_reg,slot,8,8,1.9131513658939512
dinov2_reg,slot,9,1,1.3444015562998897
dinov2_reg,slot,9,2,2.2291163282031765
dinov2_reg,slot,9,3,2.447516727691209
dinov2_reg,slot,9,4,2.285434855301882
dinov2_reg,slot,9,5,2.2965661880569477
dinov2_reg,slot,9,6,2.418752405908348
dinov2_reg,slot,9,7,2.3401120774797968
dinov2_reg,slot,9,8,2.256855540069069
dinov2_reg,slot,10,1,1.5332837912070967
dinov2_reg,slot,10,2,2.874194722534164
dinov2_reg,slot,10,3,3.007184899824937
dinov2_reg,slot,10,4,2.755798763043057
dinov2_reg,slot,10,5,2.7072217216815933
dinov2_reg,slot,10,6,2.6181354514522144
dinov2_reg,slot,10,7,2.6381351190762827
dinov2_reg,slot,10,8,2.644480035567457
dinov2_reg,slot,11,1,1.6377736971379873
dinov2_reg,slot,11,2,3.14944195546146
dinov2_reg,slot,11,3,3.397532563567848
dinov2_reg,slot,11,4,3.041926402157949
dinov2_reg,slot,11,5,3.055560136463731
dinov2_reg,slot,11,6,3.0986111372528318
dinov2_reg,slot,11,7,2.902013930137842
dinov2_reg,slot,11,8,2.963314681512231
dinov2_reg,slot,12,1,1.9254480388431119
dinov2_reg,slot,12,2,3.3626809817246173
dinov2_reg,slot,12,3,3.5445472548947228
dinov2_reg,slot,12,4,3.619337435609038
dinov2_reg,slot,12,5,3.460266506292383
dinov2_reg,slot,12,6,3.2274479006541434
dinov2_reg,slot,12,7,3.3067981576190633
dinov2_reg,slot,12,8,3.3468808848621148
dinov2_reg,cls,1,1,9.556483907138139
dinov2_reg,cls,1,2,34.80397003057982
dinov2_reg,cls,1,3,45.609217248597034
dinov2_reg,cls,1,4,53.29302946799352
dinov2_reg,cls,1,5,59.77507056722372
dinov2_reg,cls,1,6,59.49270952358528
dinov2_reg,cls,1,7,63.95642140163408
dinov2_reg,cls,1,8,65.99053784283707
dinov2_reg,cls,2,1,5.581329968607503
dinov2_reg,cls,2,2,22.05072866320671
dinov2_reg,cls,2,3,31.04356580511443
dinov2_reg,cls,2,4,38.294576229756416
dinov2_reg,cls,2,5,48.4770942825665
dinov2_reg,cls,2,6,49.46555168958463
dinov2_reg,cls,2,7,53.268370051638456
dinov2_reg,cls,2,8,57.77439521445859
dinov2_reg,cls,3,1,6.793290945336792
dinov2_reg,cls,3,2,23.159426780864298
dinov2_reg,cls,3,3,30.222009727728253
dinov2_reg,cls,3,4,38.59981758634436
dinov2_reg,cls,3,5,47.583121802943495
dinov2_reg,cls,3,6,47.744522671793575
dinov2_reg,cls,3,7,50.54470816875973
dinov2_reg,cls,3,8,54.12780957987683
dinov2_reg,cls,4,1,8.145903520497493
dinov2_reg,cls,4,2,21.106966595816665
dinov2_reg,cls,4,3,27.933465132405573
dinov2_reg,cls,4,4,34.59883589642845
dinov2_reg,cls,4,5,42.69263577925894
dinov2_reg,cls,4,6,41.6147781790711
dinov2_reg,cls,4,7,46.43612458697162
dinov2_reg,cls,4,8,49.47585413013402
dinov2_reg,cls,5,1,6.3963927101419555
dinov2_reg,cls,5,2,18.320915486315208
dinov2_reg,cls,5,3,22.107514459941754
dinov2_reg,cls,5,4,31.557154202482387
dinov2_reg,cls,5,5,34.65022961736755
dinov2_reg,cls,5,6,37.36916737154449
dinov2_reg,cls,5,7,39.39393862537993
dinov2_reg,cls,5,8,42.866774229038434
dinov2_reg,cls,6,1,6.990303872097374
dinov2_reg,cls,6,2,16.757584280589693
dinov2_reg,cls,6,3,22.514388950579615
dinov2_reg,cls,6,4,26.952095537615694
dinov2_reg,cls,6,5,32.856031326291344
dinov2_reg,cls,6,6,35.88549987299036
dinov2_reg,cls,6,7,40.23102051983127
dinov2_reg,cls,6,8,42.354261612510946
dinov2_reg,cls,7,1,6.772056561593216
dinov2_reg,cls,7,2,16.548865417189457
dinov2_reg,cls,7,3,18.30260183191554
dinov2_reg,cls,7,4,24.974039186046284
dinov2_reg,cls,7,5,29.78870627960642
dinov2_reg,cls,7,6,32.99133069209891
dinov2_reg,cls,7,7,36.99744879130104
dinov2_reg,cls,7,8,38.95626860025704
dinov2_reg,cls,8,1,6.932864660274356
dinov2_reg,cls,8,2,15.662818610793224
dinov2_reg,cls,8,3,18.409314374587986
dinov2_reg,cls,8,4,21.517250646405593
dinov2_reg,cls,8,5,27.03238617971578
dinov2_reg,cls,8,6,28.588749127210306
dinov2_reg,cls,8,7,32.00082124439662
dinov2_reg,cls,8,8,33.74968958869524
dinov2_reg,cls,9,1,6.097064319054559
dinov2_reg,cls,9,2,14.135493431747896
dinov2_reg,cls,9,3,17.964662757346947
dinov2_reg,cls,9,4,21.81308762989616
dinov2_reg,cls,9,5,25.351432857365385
dinov2_reg,cls,9,6,25.995934823101116
dinov2_reg,cls,9,7,30.733717103922697
dinov2_reg,cls,9,8,32.27484934510662
dinov2_reg,cls,10,1,7.145689430516606
dinov2_reg,cls,10,2,14.826600128720926
dinov2_reg,cls,10,3,19.869711193966523
dinov2_reg,cls,10,4,19.95292201050763
dinov2_reg,cls,10,5,24.034805032276527
dinov2_reg,cls,10,6,24.607481808389313
dinov2_reg,cls,10,7,27.865593603744202
dinov2_reg,cls,10,8,31.681058764281996
dinov2_reg,cls,11,1,5.603164248767516
dinov2_reg,cls,11,2,16.443291054723918
dinov2_reg,cls,11,3,19.911737690351792
dinov2_reg,cls,11,4,21.610010936819403
dinov2_reg,cls,11,5,26.8680231744377
dinov2_reg,cls,11,6,27.1316375073219
dinov2_reg,cls,11,7,29.172005885655285
dinov2_reg,cls,11,8,32.48963905755517
dinov2_reg,cls,12,1,6.667021001089984
dinov2_reg,cls,12,2,16.690962326630252
dinov2_reg,cls,12,3,21.14742580083569
dinov2_reg,cls,12,4,23.242679535630504
dinov2_reg,cls,12,5,27.34360738897451
dinov2_reg,cls,12,6,26.05883071968687
dinov2_reg,cls,12,7,28.381602957077337
dinov2_reg,cls,12,8,29.681991307701985
dinov2_reg,mean,1,1,7.217802738586928
dinov2_reg,mean,1,2,24.239647631718462
dinov2_reg,mean,1,3,35.25121959954363
dinov2_reg,mean,1,4,44.29494268922832
dinov2_reg,mean,1,5,50.26525543679599
dinov2_reg,mean,1,6,54.65856735731621
dinov2_reg,mean,1,7,55.302852455003304
dinov2_reg,mean,1,8,59.55060578043853
dinov2_reg,mean,2,1,7.273049610876742
dinov2_reg,mean,2,2,22.017913054017086
dinov2_reg,mean,2,3,28.210907184960856
dinov2_reg,mean,2,4,34.48155617261191
dinov2_reg,mean,2,5,41.99157805842377
dinov2_reg,mean,2,6,45.340767709777154
dinov2_reg,mean,2,7,49.47315343209123
dinov2_reg,mean,2,8,50.917376680158156
dinov2_reg,mean,3,1,7.042955452899676
dinov2_reg,mean,3,2,20.683390485407553
dinov2_reg,mean,3,3,26.92637524482722
dinov2_reg,mean,3,4,33.93927360629247
dinov2_reg,mean,3,5,38.4020531223775
dinov2_reg,mean,3,6,42.139517154006015
dinov2_reg,mean,3,7,46.68453150699826
dinov2_reg,mean,3,8,42.53993415356599
dinov2_reg,mean,4,1,7.413086181003923
dinov2_reg,mean,4,2,19.39133083393023
dinov2_reg,mean,4,3,24.543202406065916
dinov2_reg,mean,4,4,30.041861976562018
dinov2_reg,mean,4,5,35.58552084018304
dinov2_reg,mean,4,6,34.66322300523429
dinov2_reg,mean,4,7,38.89095508679306
dinov2_reg,mean,4,8,40.916227374229635
dinov2_reg,mean,5,1,6.736791567661094
dinov2_reg,mean,5,2,15.690305219646016
dinov2_reg,mean,5,3,17.8730410953645
dinov2_reg,mean,5,4,21.97619732474219
dinov2_reg,mean,5,5,25.76608029511087
dinov2_reg,mean,5,6,23.983674165990728
dinov2_reg,mean,5,7,25.345952324213016
dinov2_reg,mean,5,8,27.45377378628679
dinov2_reg,mean,6,1,6.070167786921849
dinov2_reg,mean,6,2,14.295889733571522
dinov2_reg,mean,6,3,19.189464053163736
dinov2_reg,mean,6,4,22.216214457116664
dinov2_reg,mean,6,5,24.160059450522255
dinov2_reg,mean,6,6,23.90910041607564
dinov2_reg,mean,6,7,25.724447365438383
dinov2_reg,mean,6,8,27.373183944740195
dinov2_reg,mean,7,1,6.0568204878839005
dinov2_reg,mean,7,2,14.41124320317175
dinov2_reg,mean,7,3,17.91596251448152
dinov2_reg,mean,7,4,21.141624677904574
dinov2_reg,mean,7,5,24.372731973160594
dinov2_reg,mean,7,6,25.735431399628457
dinov2_reg,mean,7,7,26.307530425609723
dinov2_reg,mean,7,8,27.18491569067572
dinov2_reg,mean,8,1,6.726411810387954
dinov2_reg,mean,8,2,13.874578636457896
dinov2_reg,mean,8,3,17.387904699773188
dinov2_reg,mean,8,4,20.371793979026233
dinov2_reg,mean,8,5,23.378204779041354
dinov2_reg,mean,8,6,23.241897643947272
dinov2_reg,mean,8,7,23.958732780659073
dinov2_reg,mean,8,8,26.382885355548375
dinov2_reg,mean,9,1,6.236580677630552
dinov2_reg,mean,9,2,14.753375014289933
dinov2_reg,mean,9,3,18.834100130564938
dinov2_reg,mean,9,4,20.814243147397693
dinov2_reg,mean,9,5,23.184360922440664
dinov2_reg,mean,9,6,23.42817035094386
dinov2_reg,mean,9,7,24.81366076228019
dinov2_reg,mean,9,8,28.404562690482035
dinov2_reg,mean,10,1,6.782677584295587
dinov2_reg,mean,10,2,14.989747220953774
dinov2_reg,mean,10,3,19.900966277159878
dinov2_reg,mean,10,4,21.557305658045635
dinov2_reg,mean,10,5,24.904175695405982
dinov2_reg,mean,10,6,24.304608345358574
dinov2_reg,mean,10,7,26.798206324744477
dinov2_reg,mean,10,8,27.296094399590125
dinov2_reg,mean,11,1,6.110770813681258
dinov2_reg,mean,11,2,16.06626719274396
dinov2_reg,mean,11,3,22.620796965727923
dinov2_reg,mean,11,4,22.272505642047793
dinov2_reg,mean,11,5,25.8099016319527
dinov2_reg,mean,11,6,25.32980128455565
dinov2_reg,mean,11,7,24.940913577966707
dinov2_reg,mean,11,8,29.171653730227128
dinov2_reg,mean,12,1,6.325317806065687
dinov2_reg,mean,12,2,18.382895854631844
dinov2_reg,mean,12,3,19.76915791926966
dinov2_reg,mean,12,4,22.783611798077498
dinov2_reg,mean,12,5,24.303449027961488
dinov2_reg,mean,12,6,24.453660393978964
dinov2_reg,mean,12,7,25.04631182972858
dinov2_reg,mean,12,8,28.66956876754367
mae,slot,1,1,0.0543853943130175
mae,slot,1,2,0.05486922463935228
mae,slot,1,3,0.05587456476727189
mae,slot,1,4,0.058029848294671636
mae,slot,1,5,0.05470481105903005
mae,slot,1,6,0.06325592842114687
mae,slot,1,7,0.06744411256740312
mae,slot,1,8,0.06763901214836349
mae,slot,2,1,0.08456439047499806
mae,slot,2,2,0.09926536459451103
mae,slot,2,3,0.10393212649044159
mae,slot,2,4,0.11612201927680979
mae,slot,2,5,0.12451181445994416
mae,slot,2,6,0.12321532057631791
mae,slot,2,7,0.13216664619313626
mae,slot,2,8,0.13767855177458288
mae,slot,3,1,0.14075377679254028
mae,slot,3,2,0.23126187314397872
mae,slot,3,3,0.2512097793260704
mae,slot,3,4,0.23400521786750972
mae,slot,3,5,0.2385482879458824
mae,slot,3,6,0.2519224871299105
mae,slot,3,7,0.2654223792592461
mae,slot,3,8,0.24974467669367692
mae,slot,4,1,0.2697647834590547
mae,slot,4,2,0.40002894764307806
mae,slot,4,3,0.4113056895752284
mae,slot,4,4,0.397267205577185
mae,slot,4,5,0.41442970263561496
mae,slot,4,6,0.4189002629404254
mae,slot,4,7,0.4103313097876842
mae,slot,4,8,0.42934465571367364
mae,slot,5,1,0.34619565492992
mae,slot,5,2,0.5916236696544439
mae,slot,5,3,0.5780650248862107
mae,slot,5,4,0.5496100590895237
mae,slot,5,5,0.5770844010987309
mae,slot,5,6,0.5869575466455093
mae,slot,5,7,0.5922716755641664
mae,slot,5,8,0.5991564112110264
mae,slot,6,1,0.47449097065557555
mae,slot,6,2,0.7155274921698171
mae,slot,6,3,0.7450304285969459
mae,slot,6,4,0.743214238689778
mae,slot,6,5,0.7221392429544987
mae,slot,6,6,0.7419199845567123
mae,slot,6,7,0.7473310340361664
mae,slot,6,8,0.723108503168903
mae,slot,7,1,0.4853453348516115
mae,slot,7,2,0.8044683773371637
mae,slot,7,3,0.8932431264324564
mae,slot,7,4,0.8332920516653034
mae,slot,7,5,0.7472372307509857
mae,slot,7,6,0.7815896582802421
mae,slot,7,7,0.8169451995937358
mae,slot,7,8,0.7946865256035116
mae,slot,8,1,0.5984743203235737
mae,slot,8,2,0.870592574890541
mae,slot,8,3,0.9884062191059433
mae,slot,8,4,0.9807915545757974
mae,slot,8,5,0.8428048477949294
mae,slot,8,6,0.8956043720262544
mae,slot,8,7,0.9544765476846883
mae,slot,8,8,0.9070541055494894
mae,slot,9,1,0.6046402161049144
mae,slot,9,2,0.9398139751481549
mae,slot,9,3,0.9990265366880532
mae,slot,9,4,1.010788675969027
mae,slot,9,5,0.9255943428740402
mae,slot,9,6,0.9186381820151636
mae,slot,9,7,1.0226946764301963
mae,slot,9,8,0.941490486732694
mae,slot,10,1,0.6577155168915017
mae,slot,10,2,1.095694819016599
mae,slot,10,3,1.105118573609502
mae,slot,10,4,1.0805663230629468
mae,slot,10,5,1.0240557581858505
mae,slot,10,6,1.0374980146138582
mae,slot,10,7,1.126200788825115
mae,slot,10,8,1.1159353868688338
mae,slot,11,1,0.7961910942196551
mae,slot,11,2,1.2381571931328343
mae,slot,11,3,1.277334825101861
mae,slot,11,4,1.2747234670382381
mae,slot,11,5,1.115105682633298
mae,slot,11,6,1.169068123562975
mae,slot,11,7,1.258284460316634
mae,slot,11,8,1.1705384182756602
mae,slot,12,1,0.8059001873010591
mae,slot,12,2,1.356095070016606
mae,slot,12,3,1.3807941452749601
mae,slot,12,4,1.3337958994703045
mae,slot,12,5,1.1602182280974906
mae,slot,12,6,1.2632521212281327
mae,slot,12,7,1.3017757629477869
mae,slot,12,8,1.2321716130496048
mae,cls,1,1,7.57038394126342
mae,cls,1,2,42.95577070221299
mae,cls,1,3,51.058926051849866
mae,cls,1,4,57.71302492112707
mae,cls,1,5,61.77663957383101
mae,cls,1,6,62.58218236147291
mae,cls,1,7,67.12856071381584
mae,cls,1,8,71.78198410928637
mae,cls,2,1,6.4370680815744805
mae,cls,2,2,25.68856879349388
mae,cls,2,3,32.98137983586728
mae,cls,2,4,37.526907927028006
mae,cls,2,5,43.413085548684066
mae,cls,2,6,41.05271037145537
mae,cls,2,7,47.354534941342294
mae,cls,2,8,51.06041348140531
mae,cls,3,1,5.608382980449609
mae,cls,3,2,12.639960309448982
mae,cls,3,3,16.929922748494143
mae,cls,3,4,21.142810791344644
mae,cls,3,5,24.010247856085858
mae,cls,3,6,25.66959871542029
mae,cls,3,7,27.921108308313705
mae,cls,3,8,31.596526878876947
mae,cls,4,1,6.219630576099338
mae,cls,4,2,16.144154214178958
mae,cls,4,3,20.13828389951642
mae,cls,4,4,22.59183612366484
mae,cls,4,5,26.03933443358326
mae,cls,4,6,25.777637774478194
mae,cls,4,7,27.51509868117576
mae,cls,4,8,28.861941012033498
mae,cls,5,1,6.782440965947955
mae,cls,5,2,20.034647037289186
mae,cls,5,3,25.124958094588347
mae,cls,5,4,25.92748356152923
mae,cls,5,5,30.4759714456784
mae,cls,5,6,28.903070652270852
mae,cls,5,7,33.890487480734045
mae,cls,5,8,35.60998126735032
mae,cls,6,1,8.0402427171545
mae,cls,6,2,22.416805575693115
mae,cls,6,3,26.884584704561625
mae,cls,6,4,29.27302240543184
mae,cls,6,5,33.77445232092236
mae,cls,6,6,30.817754093938937
mae,cls,6,7,35.93374618638055
mae,cls,6,8,38.2087705463724
mae,cls,7,1,9.068817400679523
mae,cls,7,2,25.136297226037456
mae,cls,7,3,28.330376829710026
mae,cls,7,4,31.17452356271918
mae,cls,7,5,35.11596301901445
mae,cls,7,6,32.37828855342587
mae,cls,7,7,36.180332379854846
mae,cls,7,8,39.627196188490785
mae,cls,8,1,8.121163678028292
mae,cls,8,2,25.415781966764502
mae,cls,8,3,30.14208214647902
mae,cls,8,4,33.104792980108556
mae,cls,8,5,35.92280545761086
mae,cls,8,6,34.80234103948659
mae,cls,8,7,39.5610756425317
mae,cls,8,8,43.488440275696355
mae,cls,9,1,8.11369775813214
mae,cls,9,2,24.164384981644343
mae,cls,9,3,31.426012099144415
mae,cls,9,4,34.187175376926824
mae,cls,9,5,37.75332829009139
mae,cls,9,6,35.92768168282248
mae,cls,9,7,39.31436204314869
mae,cls,9,8,42.63989654326754
mae,cls,10,1,8.67337329831195
mae,cls,10,2,28.274343036489437
mae,cls,10,3,30.284527524481344
mae,cls,10,4,31.28645334002406
mae,cls,10,5,35.24652115160517
mae,cls,10,6,33.28336844912087
mae,cls,10,7,37.72994439672572
mae,cls,10,8,41.65247540218625
mae,cls,11,1,8.555630378779814
mae,cls,11,2,29.617192260787224
mae,cls,11,3,34.59704414533738
mae,cls,11,4,35.60249224230778
mae,cls,11,5,37.567031726007585
mae,cls,11,6,35.648877140421796
mae,cls,11,7,41.71873707282228
mae,cls,11,8,43.47774444383055
mae,cls,12,1,9.199366988709466
mae,cls,12,2,33.06114927098168
mae,cls,12,3,36.06912302707165
mae,cls,12,4,37.86063596746369
mae,cls,12,5,38.35596337737119
mae,cls,12,6,36.64108736521032
mae,cls,12,7,40.83465367582299
mae,cls,12,8,45.05842408935185
mae,mean,1,1,7.8747978214953225
mae,mean,1,2,22.328027023637578
mae,mean,1,3,26.201252239358684
mae,mean,1,4,32.11359172889283
mae,mean,1,5,35.41132704570338
mae,mean,1,6,34.62419149720785
mae,mean,1,7,36.465737986981004
mae,mean,1,8,40.84879066171012
mae,mean,2,1,4.806563210785962
mae,mean,2,2,17.541462805006176
mae,mean,2,3,22.070959235744336
mae,mean,2,4,25.468515296336108
mae,mean,2,5,30.0785307999611
mae,mean,2,6,29.651113874991797
mae,mean,2,7,32.41468233024745
mae,mean,2,8,33.76203746918542
mae,mean,3,1,6.349233662979385
mae,mean,3,2,15.562636947018824
mae,mean,3,3,21.783691811177597
mae,mean,3,4,22.03818097109125
mae,mean,3,5,26.516511263101005
mae,mean,3,6,26.31495289843154
mae,mean,3,7,27.883994973071253
mae,mean,3,8,28.800412840965986
mae,mean,4,1,7.2140651060792065
mae,mean,4,2,21.166980186718956
mae,mean,4,3,28.094092880169708
mae,mean,4,4,28.127515527069836
mae,mean,4,5,33.72495220345365
mae,mean,4,6,32.86446540534361
mae,mean,4,7,37.7123161814566
mae,mean,4,8,38.48274259781261
mae,mean,5,1,7.833722431070901
mae,mean,5,2,28.670235099595754
mae,mean,5,3,37.470155718193766
mae,mean,5,4,38.3095811952176
mae,mean,5,5,42.06794609300571
mae,mean,5,6,39.50792477527209
mae,mean,5,7,43.57911143138197
mae,mean,5,8,45.32836816539828
mae,mean,6,1,8.309629661567676
mae,mean,6,2,27.89479289766507
mae,mean,6,3,36.91688664730044
mae,mean,6,4,39.81814257551242
mae,mean,6,5,43.45098628033536
mae,mean,6,6,40.764601852414955
mae,mean,6,7,50.85137453646152
mae,mean,6,8,50.203452734345596
mae,mean,7,1,8.580500161737378
mae,mean,7,2,31.259625446041287
mae,mean,7,3,38.67440065773803
mae,mean,7,4,42.541787309480135
mae,mean,7,5,44.1827614066726
mae,mean,7,6,43.84735736509707
mae,mean,7,7,50.93214622299185
mae,mean,7,8,50.68754682812089
mae,mean,8,1,9.100838986762719
mae,mean,8,2,32.27582721671224
mae,mean,8,3,40.033847437221546
mae,mean,8,4,44.081975729739064
mae,mean,8,5,47.33074219435502
mae,mean,8,6,44.87349650699718
mae,mean,8,7,49.31845455051007
mae,mean,8,8,53.68029402670314
mae,mean,9,1,9.435485862567544
mae,mean,9,2,35.184251989682
mae,mean,9,3,43.196308904016306
mae,mean,9,4,43.85190467138541
mae,mean,9,5,48.430092560745166
mae,mean,9,6,44.70139050230593
mae,mean,9,7,50.73210997681078
mae,mean,9,8,54.8026883602724
mae,mean,10,1,10.169700461508864
mae,mean,10,2,36.342390883138464
mae,mean,10,3,42.18502530097819
mae,mean,10,4,43.744717246157435
mae,mean,10,5,46.9477391047823
mae,mean,10,6,44.006123389671856
mae,mean,10,7,50.360480491725085
mae,mean,10,8,53.15340623667213
mae,mean,11,1,9.880540410719204
mae,mean,11,2,36.0992445556795
mae,mean,11,3,44.5355677015361
mae,mean,11,4,45.7761420209117
mae,mean,11,5,47.12003157030699
mae,mean,11,6,45.69630527340207
mae,mean,11,7,52.82971831364963
mae,mean,11,8,54.293083739466134
mae,mean,12,1,12.9799697955224
mae,mean,12,2,37.698017285716006
mae,mean,12,3,44.67810451859409
mae,mean,12,4,49.52241890329067
mae,mean,12,5,49.569025527099896
mae,mean,12,6,44.67915137930658
mae,mean,12,7,52.15076333249746
mae,mean,12,8,54.49546725750935
random,slot,1,1,0.10549941227465277
random,slot,1,2,0.10148201008497608
random,slot,1,3,0.11032913114456298
random,slot,1,4,0.10012141463297036
random,slot,1,5,0.10561601691784077
random,slot,1,6,0.11395936450099324
random,slot,1,7,0.11091588341622972
random,slot,1,8,0.12746646858221802
random,slot,2,1,0.08796696059796161
random,slot,2,2,0.08551556021267054
random,slot,2,3,0.09468541610551219
random,slot,2,4,0.09763953970185307
random,slot,2,5,0.09727388516364277
random,slot,2,6,0.10817817017501094
random,slot,2,7,0.1101941231439333
random,slot,2,8,0.12253337987340507
random,slot,3,1,0.08699070327408177
random,slot,3,2,0.08726448985084798
random,slot,3,3,0.09934409765045624
random,slot,3,4,0.09742362662348367
random,slot,3,5,0.10429735733521574
random,slot,3,6,0.10497102631805609
random,slot,3,7,0.11338265481834058
random,slot,3,8,0.12456700361187763
random,slot,4,1,0.08614616066507995
random,slot,4,2,0.08989042795888119
random,slot,4,3,0.10221590510112587
random,slot,4,4,0.09801713291784397
random,slot,4,5,0.10962694719767622
random,slot,4,6,0.11067406000854842
random,slot,4,7,0.11999718027586907
random,slot,4,8,0.13099624416002764
random,slot,5,1,0.08879767078008928
random,slot,5,2,0.09138584411331753
random,slot,5,3,0.10319551539732598
random,slot,5,4,0.10211319195611436
random,slot,5,5,0.1106479898150968
random,slot,5,6,0.12028507693780972
random,slot,5,7,0.12142328582477648
random,slot,5,8,0.13740679925208002
random,slot,6,1,0.08620279613081189
random,slot,6,2,0.09288268271880358
random,slot,6,3,0.10297570581344513
random,slot,6,4,0.10724743957622584
random,slot,6,5,0.11252558418956454
random,slot,6,6,0.12435495560401799
random,slot,6,7,0.127305034521986
random,slot,6,8,0.1398695324077532
random,slot,7,1,0.08579522735380132
random,slot,7,2,0.09401563580264762
random,slot,7,3,0.104844145842569
random,slot,7,4,0.10914077713966505
random,slot,7,5,0.11823481788853042
random,slot,7,6,0.12467951469265799
random,slot,7,7,0.12460147833971207
random,slot,7,8,0.1358123849059631
random,slot,8,1,0.08973879261462792
random,slot,8,2,0.10028601606841225
random,slot,8,3,0.10527443786544446
random,slot,8,4,0.11210282980851605
random,slot,8,5,0.11986369962593628
random,slot,8,6,0.13156164837703163
random,slot,8,7,0.13448112679654053
random,slot,8,8,0.13749657874684765
random,slot,9,1,0.08753524289241979
random,slot,9,2,0.09802161323512792
random,slot,9,3,0.10587993051418373
random,slot,9,4,0.1094738515179697
random,slot,9,5,0.1208580827765741
random,slot,9,6,0.1279303623231933
random,slot,9,7,0.13088154266455473
random,slot,9,8,0.13784650416821012
random,slot,10,1,0.09081571595116557
random,slot,10,2,0.09900902294891532
random,slot,10,3,0.11079522717794955
random,slot,10,4,0.1146470362564224
random,slot,10,5,0.12448764362757674
random,slot,10,6,0.13013878765869943
random,slot,10,7,0.13301275289023579
random,slot,10,8,0.1446473720184199
random,slot,11,1,0.09244550174010092
random,slot,11,2,0.10058038006188304
random,slot,11,3,0.11023617565541785
random,slot,11,4,0.11578929402424314
random,slot,11,5,0.12554532827002957
random,slot,11,6,0.13251416260499316
random,slot,11,7,0.13490951546957736
random,slot,11,8,0.14718799523709417
random,slot,12,1,0.09312474126152497
random,slot,12,2,0.0996986345895562
random,slot,12,3,0.11265821749951564
random,slot,12,4,0.1135075429501004
random,slot,12,5,0.1283654516274242
random,slot,12,6,0.13103202966759644
random,slot,12,7,0.13553865364673714
random,slot,12,8,0.14859216316652724
random,cls,1,1,4.63138588623673
random,cls,1,2,19.817784150673063
random,cls,1,3,26.858815683201037
random,cls,1,4,29.618152971258777
random,cls,1,5,30.43659035163687
random,cls,1,6,30.142581960426032
random,cls,1,7,32.68769230810958
random,cls,1,8,34.00922533205773
random,cls,2,1,4.064161528847432
random,cls,2,2,19.683011310914164
random,cls,2,3,25.099193564303597
random,cls,2,4,28.662825425994065
random,cls,2,5,30.927925821535062
random,cls,2,6,29.688168435464917
random,cls,2,7,31.228099191574863
random,cls,2,8,33.457439952299296
random,cls,3,1,3.7848633093326005
random,cls,3,2,19.36154546297019
random,cls,3,3,24.980974160604756
random,cls,3,4,28.671722269818975
random,cls,3,5,30.54645259324891
random,cls,3,6,29.116121899363055
random,cls,3,7,32.25082033477789
random,cls,3,8,34.96976096597064
random,cls,4,1,4.539695365311516
random,cls,4,2,19.242730437390158
random,cls,4,3,26.196202673614184
random,cls,4,4,27.672677046598196
random,cls,4,5,31.723029776610936
random,cls,4,6,29.86095718745994
random,cls,4,7,30.715022155252733
random,cls,4,8,34.27998768335635
random,cls,5,1,4.893362977127425
random,cls,5,2,19.49268272932367
random,cls,5,3,26.825579513847654
random,cls,5,4,28.97401517354256
random,cls,5,5,32.766294006602344
random,cls,5,6,31.68159374511444
random,cls,5,7,31.769554410021534
random,cls,5,8,35.66339572829628
random,cls,6,1,5.265901330612933
random,cls,6,2,19.90626535706104
random,cls,6,3,27.109929792556567
random,cls,6,4,29.40087513915794
random,cls,6,5,33.25446746662172
random,cls,6,6,32.31209075540787
random,cls,6,7,33.89543607446174
random,cls,6,8,36.35224844414535
random,cls,7,1,4.743096477786141
random,cls,7,2,20.181131958630854
random,cls,7,3,26.28972743364309
random,cls,7,4,29.457834627153545
random,cls,7,5,32.124105961111106
random,cls,7,6,31.385593959749194
random,cls,7,7,34.56042207945262
random,cls,7,8,36.08076568194519
random,cls,8,1,4.862514395636513
random,cls,8,2,20.237075652975538
random,cls,8,3,27.3701367736306
random,cls,8,4,29.66956610394091
random,cls,8,5,32.35926421342122
random,cls,8,6,31.29829662038669
random,cls,8,7,34.90247375165641
random,cls,8,8,37.33487675933695
random,cls,9,1,4.514531277020116
random,cls,9,2,20.06594290261867
random,cls,9,3,26.984780589819778
random,cls,9,4,28.798073006972643
random,cls,9,5,31.391888844747477
random,cls,9,6,31.61254116046599
random,cls,9,7,34.201656466211006
random,cls,9,8,36.37897509722049
random,cls,10,1,4.703383460828169
random,cls,10,2,20.280807240644318
random,cls,10,3,27.030347691936363
random,cls,10,4,29.20320328076455
random,cls,10,5,31.750109162197628
random,cls,10,6,31.502927383038465
random,cls,10,7,34.09757001713828
random,cls,10,8,38.15892275948054
random,cls,11,1,4.65248850329865
random,cls,11,2,20.16614076264078
random,cls,11,3,27.686821370168488
random,cls,11,4,28.77449187968361
random,cls,11,5,30.97959619923931
random,cls,11,6,32.39208918701763
random,cls,11,7,33.68929798960581
random,cls,11,8,36.87850017108252
random,cls,12,1,4.187760463995175
random,cls,12,2,20.422195003304427
random,cls,12,3,27.84916446214616
random,cls,12,4,29.301366846421725
random,cls,12,5,30.65470418826907
random,cls,12,6,31.2933049855506
random,cls,12,7,34.29817729770952
random,cls,12,8,36.929341414315246
random,mean,1,1,5.170746090226657
random,mean,1,2,21.862965130412903
random,mean,1,3,28.838834996655656
random,mean,1,4,31.415065513064704
random,mean,1,5,34.15973341047877
random,mean,1,6,34.523806925643854
random,mean,1,7,37.7884786762011
random,mean,1,8,37.67741003281099
random,mean,2,1,5.0414600789730875
random,mean,2,2,21.559814356531618
random,mean,2,3,27.823148580213477
random,mean,2,4,30.0415667592583
random,mean,2,5,35.15299510781989
random,mean,2,6,34.19014289275149
random,mean,2,7,37.421375768784145
random,mean,2,8,38.92813177079449
random,mean,3,1,5.003930260788785
random,mean,3,2,21.793331090835505
random,mean,3,3,28.149672145660762
random,mean,3,4,30.329592634630263
random,mean,3,5,34.95003975947146
random,mean,3,6,34.04621793529063
random,mean,3,7,38.41958691158543
random,mean,3,8,37.48371174967399
random,mean,4,1,5.056658837098379
random,mean,4,2,21.62804519821516
random,mean,4,3,28.958095925307358
random,mean,4,4,30.568769651715787
random,mean,4,5,35.49726407289844
random,mean,4,6,34.882745893600166
random,mean,4,7,37.35696725661812
random,mean,4,8,37.91881770998117
random,mean,5,1,5.5133925165702475
random,mean,5,2,21.478573314007292
random,mean,5,3,28.571838363257385
random,mean,5,4,30.902125945892667
random,mean,5,5,34.898537419909296
random,mean,5,6,35.19217484376303
random,mean,5,7,38.04231814139262
random,mean,5,8,37.348891291284616
random,mean,6,1,5.819692696398498
random,mean,6,2,21.177636326168887
random,mean,6,3,28.07148008799734
random,mean,6,4,30.34088315920347
random,mean,6,5,34.680204053627214
random,mean,6,6,34.47639947211846
random,mean,6,7,38.4028985859071
random,mean,6,8,38.29348209337531
random,mean,7,1,5.938225774623502
random,mean,7,2,20.88027667860681
random,mean,7,3,28.35720718898298
random,mean,7,4,30.460225007274357
random,mean,7,5,33.35078676016631
random,mean,7,6,34.09185145034651
random,mean,7,7,38.226978449601646
random,mean,7,8,38.34697337586314
random,mean,8,1,5.86142037915716
random,mean,8,2,20.614287201160558
random,mean,8,3,28.707453682886406
random,mean,8,4,30.437765192225985
random,mean,8,5,33.46545182776326
random,mean,8,6,33.92699635577101
random,mean,8,7,37.64021691503862
random,mean,8,8,38.57551619587085
random,mean,9,1,5.970812562296772
random,mean,9,2,20.795133173138435
random,mean,9,3,29.061125089540692
random,mean,9,4,30.809702653974398
random,mean,9,5,33.26869986622334
random,mean,9,6,33.302630690864774
random,mean,9,7,38.14147420884862
random,mean,9,8,38.58259778436201
random,mean,10,1,6.008863121684674
random,mean,10,2,21.092169465246936
random,mean,10,3,28.442680857609844
random,mean,10,4,29.871113843373223
random,mean,10,5,33.04189130044438
random,mean,10,6,33.24794582049523
random,mean,10,7,37.7400789531318
random,mean,10,8,39.67652242740137
random,mean,11,1,5.529585902625045
random,mean,11,2,21.604517884362956
random,mean,11,3,29.584507204725263
random,mean,11,4,30.635168732302688
random,mean,11,5,33.035275503717344
random,mean,11,6,33.03254430758106
random,mean,11,7,37.031760007550616
random,mean,11,8,38.68301397624395
random,mean,12,1,5.26328500879782
random,mean,12,2,21.280018264317253
random,mean,12,3,29.46033059145121
random,mean,12,4,30.604641180185133
random,mean,12,5,34.3146048571889
random,mean,12,6,32.813187279594366
random,mean,12,7,36.40881033182157
random,mean,12,8,38.61216341187118
