encoder,readout,best_layer,set_size,mae_mixed_readout,mae_ss1_readout,max_token_norm
supervised,slot,1,1,0.04187947381835964,0.07717068820833581,178.02261
supervised,slot,1,2,0.04603604472986297,0.1876774888403975,171.61127
supervised,slot,1,3,0.04893066631500513,0.28602678411952787,170.6018
supervised,slot,1,4,0.052148602507841174,0.4154868161954654,168.39566
supervised,slot,1,5,0.057464280266345216,0.5689723020097264,165.01205
supervised,slot,1,6,0.05932635139358425,0.6720892702649488,160.29456
supervised,slot,1,7,0.065137357420796,0.7726619236068475,156.67397
supervised,slot,1,8,0.07314864040510588,0.8921521720946202,152.09116
supervised,cls,3,1,4.748673814577517,0.1096555896683941,178.02261
supervised,cls,3,2,8.278183602814956,45.06433649389153,171.61127
supervised,cls,3,3,11.234644385844826,62.17781655678238,170.6018
supervised,cls,3,4,12.219521955025565,73.9824639359425,168.39566
supervised,cls,3,5,13.314990714738826,75.5257317605723,165.01205
supervised,cls,3,6,14.946768895137083,78.81012926858513,160.29456
supervised,cls,3,7,15.190333163524583,78.92269647725183,156.67397
supervised,cls,3,8,18.127956450921925,77.37115470168862,152.09116
supervised,mean,2,1,3.4548658919481037,0.08182303430322775,178.02261
supervised,mean,2,2,6.669866614876797,45.07394548503017,171.61127
supervised,mean,2,3,8.283274614609319,52.3053093458686,170.6018
supervised,mean,2,4,9.25113488070694,57.061839876040054,168.39566
supervised,mean,2,5,10.452753150080062,61.32218591308076,165.01205
supervised,mean,2,6,11.899691810335323,63.61203315815067,160.29456
supervised,mean,2,7,13.122007032949735,67.0275021027789,156.67397
supervised,mean,2,8,13.51923657950396,67.38940877569982,152.09116
clip,slot,1,1,0.14789152747600137,0.12072349711347138,85.97583
clip,slot,1,2,0.2005865929832172,4.762910592329145,86.14628
clip,slot,1,3,0.2328241379036638,7.563083417134261,86.369606
clip,slot,1,4,0.24177238013035066,9.454002930687246,86.01071
clip,slot,1,5,0.23442981065814775,11.07478019302233,85.887634
clip,slot,1,6,0.24726734242319293,12.23776685153028,86.362915
clip,slot,1,7,0.2589617818030177,13.52512922657609,87.1187
clip,slot,1,8,0.2636481845431766,14.388616875202464,87.990036
clip,cls,5,1,5.639656346320621,0.11528663111827529,85.97583
clip,cls,5,2,10.29075534576506,43.858619005851054,86.14628
clip,cls,5,3,12.064224702074036,54.27023292720219,86.369606
clip,cls,5,4,13.384594739235018,59.883629377477945,86.01071
clip,cls,5,5,15.871067748460192,65.51280617591577,85.887634
clip,cls,5,6,17.302533044979672,66.90442154614871,86.362915
clip,cls,5,7,18.558434762021374,71.35121232789913,87.1187
clip,cls,5,8,20.40166432958082,71.89235896421754,87.990036
clip,mean,4,1,4.665854773496625,0.1645761670188526,85.97583
clip,mean,4,2,9.893175008861606,55.005162396175365,86.14628
clip,mean,4,3,11.554017754450125,71.50295227847394,86.369606
clip,mean,4,4,13.771585020603034,82.35258754835102,86.01071
clip,mean,4,5,14.888848292372328,85.70461329734474,85.887634
clip,mean,4,6,15.13297095216125,86.34582596880679,86.362915
clip,mean,4,7,16.457590218343366,88.21989758579618,87.1187
clip,mean,4,8,18.114348242264153,83.40481175039366,87.990036
dinov2,slot,1,1,0.07337566022205774,0.06646724876738713,221.72903
dinov2,slot,1,2,0.08840987655329786,0.9849596908378173,218.87042
dinov2,slot,1,3,0.09497469281580334,1.501925789754961,216.9813
dinov2,slot,1,4,0.09624340248081811,2.1126549797534646,215.49014
dinov2,slot,1,5,0.09847686859188241,2.5068960482962277,213.90755
dinov2,slot,1,6,0.11162378184460886,3.035665152659176,212.75504
dinov2,slot,1,7,0.09724736196132168,3.4961609209329074,211.11038
dinov2,slot,1,8,0.10699705299021013,3.9951863799530627,209.85371
dinov2,cls,10,1,5.66031462674363,0.1996831528613045,221.72903
dinov2,cls,10,2,13.893408482781156,54.238653329329125,218.87042
dinov2,cls,10,3,16.374268355660703,74.99780713772057,216.9813
dinov2,cls,10,4,19.087389007415034,88.05660333755552,215.49014
dinov2,cls,10,5,22.614130636886305,87.14491942091254,213.90755
dinov2,cls,10,6,24.20260878012592,87.51777901244536,212.75504
dinov2,cls,10,7,23.875674220297086,87.70881685154762,211.11038
dinov2,cls,10,8,26.938377175897745,82.72436741102725,209.85371
dinov2,mean,6,1,5.9174641585952665,0.20740241208720095,221.72903
dinov2,mean,6,2,11.776202016338969,48.38031073963984,218.87042
dinov2,mean,6,3,13.554108784682333,64.44481888952743,216.9813
dinov2,mean,6,4,16.136805987822605,79.77798813338485,215.49014
dinov2,mean,6,5,18.93087177800872,84.14744978753696,213.90755
dinov2,mean,6,6,19.074453301355877,86.62675051256953,212.75504
dinov2,mean,6,7,19.425257544481134,88.18064320054066,211.11038
dinov2,mean,6,8,22.771250399851734,83.56038104530917,209.85371
dinov2_reg,slot,1,1,0.05058570081280236,0.05235199241957474,123.39059
dinov2_reg,slot,1,2,0.06359777199258586,1.0573047934002255,128.19597
dinov2_reg,slot,1,3,0.06643822777537932,1.5053781457329083,129.03445
dinov2_reg,slot,1,4,0.06084839821184322,1.8844584812174299,129.93634
dinov2_reg,slot,1,5,0.06686010487156946,2.3012814209567,130.79471
dinov2_reg,slot,1,6,0.06857940922306435,2.5335578926217726,132.16867
dinov2_reg,slot,1,7,0.07414672760062538,2.7414702925204137,133.6625
dinov2_reg,slot,1,8,0.0789004186835362,3.10986657753867,135.23045
dinov2_reg,cls,9,1,5.789422461967519,0.16777383165536988,123.39059
dinov2_reg,cls,9,2,14.088519664709525,51.806986055477665,128.19597
dinov2_reg,cls,9,3,17.3961482472784,70.5862043702278,129.03445
dinov2_reg,cls,9,4,21.442519009303314,77.35359345623435,129.93634
dinov2_reg,cls,9,5,25.172089412685693,86.65855048569833,130.79471
dinov2_reg,cls,9,6,25.47392057507297,86.58258392836953,132.16867
dinov2_reg,cls,9,7,30.187486755894387,89.13724464519343,133.6625
dinov2_reg,cls,9,8,32.786840158288584,89.27203437871994,135.23045
dinov2_reg,mean,8,1,6.34289103276817,0.17713301755604494,123.39059
dinov2_reg,mean,8,2,13.886464839436908,56.39048720307434,128.19597
dinov2_reg,mean,8,3,17.17147758613717,74.69330150324645,129.03445
dinov2_reg,mean,8,4,19.82745592975216,79.6820746864335,129.93634
dinov2_reg,mean,8,5,23.195899642293465,87.0995233707464,130.79471
dinov2_reg,mean,8,6,23.0847415608555,87.01073027874614,132.16867
dinov2_reg,mean,8,7,23.70515069212443,89.43244233491333,133.6625
dinov2_reg,mean,8,8,26.18694908685745,88.14695652839605,135.23045
mae,slot,1,1,0.05025939677127228,0.08196748664069804,164.7107
mae,slot,1,2,0.05061219084865913,0.13510251430998704,176.0719
mae,slot,1,3,0.05237600874541789,0.2039180140792088,189.96771
mae,slot,1,4,0.054087576825437626,0.25940761486037495,196.7721
mae,slot,1,5,0.052097495339565085,0.34199214021540625,200.79605
mae,slot,1,6,0.0599357549717828,0.4151693832275079,203.28186
mae,slot,1,7,0.063648043369086,0.45275057827551374,203.71371
mae,slot,1,8,0.06425816580211896,0.5562128270627175,203.59544
mae,cls,3,1,5.508723232395964,0.20178203713556145,164.7107
mae,cls,3,2,12.29910900362122,45.54029899185263,176.0719
mae,cls,3,3,16.503284962025884,53.32066543824526,189.96771
mae,cls,3,4,20.74708461328524,61.66531870730428,196.7721
mae,cls,3,5,23.51269314004545,65.9398708885462,200.79605
mae,cls,3,6,25.081959243246114,67.36639224361821,203.28186
mae,cls,3,7,27.712152402300692,74.17192596857282,203.71371
mae,cls,3,8,30.995793840918793,70.27958970137328,203.59544
mae,mean,3,1,6.107992419670251,0.19792875243410632,164.7107
mae,mean,3,2,15.767274282235434,46.096787732779504,176.0719
mae,mean,3,3,21.53195474759126,55.12597021289827,189.96771
mae,mean,3,4,21.56592400930619,62.82186102491544,196.7721
mae,mean,3,5,25.898255723076204,67.96016540862672,200.79605
mae,mean,3,6,26.100687422882338,71.16752300518763,203.28186
mae,mean,3,7,27.857650290106314,73.24934069396235,203.71371
mae,mean,3,8,28.60894004050892,70.43523687906287,203.59544
random,slot,3,1,0.08174256054719153,0.07912704377475167,47.758957
random,slot,3,2,0.08401984724921187,0.9076417674672702,48.004982
random,slot,3,3,0.09535014426192212,1.6689743783627364,48.06434
random,slot,3,4,0.09382079068549665,2.453516294593113,48.15965
random,slot,3,5,0.10118851242332565,3.046111160212985,48.169662
random,slot,3,6,0.10219029621214698,3.8662100375214146,48.14927
random,slot,3,7,0.10859896420229191,4.323072196489495,48.099934
random,slot,3,8,0.12032861992161599,4.757971307893822,48.06505
random,cls,2,1,3.9663978990921844,0.14629412583274964,47.758957
random,cls,2,2,17.976611742389487,72.10556208311391,48.004982
random,cls,2,3,23.28293254003021,79.09204374986349,48.06434
random,cls,2,4,26.63726756830174,84.8007723108722,48.15965
random,cls,2,5,28.793187073279164,88.51128512486397,48.169662
random,cls,2,6,27.894908697580004,88.00280460679689,48.14927
random,cls,2,7,29.688829281274447,89.44123517210798,48.099934
random,cls,2,8,31.85694167144548,84.95326599309911,48.06505
random,mean,10,1,5.912754705965336,0.1388815936004399,47.758957
random,mean,10,2,20.03861116539984,53.33841988746247,48.004982
random,mean,10,3,26.979188414667178,68.30486554463852,48.06434
random,mean,10,4,27.814157155147136,79.52416254337204,48.15965
random,mean,10,5,31.277581906977918,84.02504779193293,48.169662
random,mean,10,6,32.006152698713315,85.11633952399627,48.14927
random,mean,10,7,34.82629978505933,87.14610645431614,48.099934
random,mean,10,8,37.8834149576973,83.23092742914051,48.06505
