SetSize,p_target,p_swap,p_guess,sd,kappa,encoder,readout
1,1.0,0.0,0.0,0.810325205192807,5000.0,supervised,slot
2,1.0,0.0,0.0,0.810325205192807,5000.0,supervised,slot
3,1.0,0.0,0.0,0.810325205192807,5000.0,supervised,slot
4,1.0,0.0,0.0,0.810325205192807,5000.0,supervised,slot
5,1.0,0.0,0.0,0.810325205192807,5000.0,supervised,slot
6,1.0,0.0,0.0,0.810325205192807,5000.0,supervised,slot
7,1.0,0.0,0.0,0.810325205192807,5000.0,supervised,slot
8,1.0,0.0,0.0,0.810325205192807,5000.0,supervised,slot
1,1.0,0.0,0.0,6.051526047575903,90.14515559446123,supervised,cls
2,1.0,0.0,0.0,10.724431345162952,29.050353823376476,supervised,cls
3,0.9953611658612379,0.0,0.0046388341387620935,14.478821489203304,16.173703230047717,supervised,cls
4,0.9977879386264294,0.0,0.0022120613735705508,15.431875015812832,14.301286282375251,supervised,cls
5,0.997378010512916,0.0,0.002621989487084031,17.027909271115874,11.842138905466403,supervised,cls
6,0.9821963976827962,0.014328712592132767,0.003474889725071026,18.34588308003215,10.27747907026692,supervised,cls
7,0.9863811141010103,0.005440973010797927,0.008177912888191814,18.956049973670606,9.661515131230846,supervised,cls
8,0.9750227562089981,0.0,0.024977243791001857,21.84977424385274,7.412219048106287,supervised,cls
1,1.0,0.0,0.0,4.519070662637956,161.24982973125395,supervised,mean
2,1.0,0.0,0.0,8.542253680753348,45.49310524165446,supervised,mean
3,1.0,0.0,0.0,10.637679360485116,29.517668792769136,supervised,mean
4,1.0,0.0,0.0,11.832561079950501,23.95627988970917,supervised,mean
5,1.0,0.0,0.0,13.545293047822266,18.404689182098544,supervised,mean
6,0.9904120003342175,0.0,0.009587999665782498,14.826650142774964,15.448325463241428,supervised,mean
7,0.9952771891761155,0.0,0.004722810823884482,16.58548202570849,12.453100024985265,supervised,mean
8,0.9879806620422462,0.010095011275536832,0.0019243266822169518,17.074181717633994,11.780976415722812,supervised,mean
1,1.0,0.0,0.0,0.810325205192807,5000.0,clip,slot
2,1.0,0.0,0.0,0.810325205192807,5000.0,clip,slot
3,1.0,0.0,0.0,0.810325205192807,5000.0,clip,slot
4,1.0,0.0,0.0,0.810325205192807,5000.0,clip,slot
5,1.0,0.0,0.0,0.810325205192807,5000.0,clip,slot
6,1.0,0.0,0.0,0.810325205192807,5000.0,clip,slot
7,1.0,0.0,0.0,0.810325205192807,5000.0,clip,slot
8,1.0,0.0,0.0,0.810325205192807,5000.0,clip,slot
1,1.0,0.0,0.0,7.494245288176901,58.954285995157015,clip,cls
2,1.0,0.0,0.0,13.160545979239858,19.465418852220065,clip,cls
3,0.9969779587975249,0.0,0.0030220412024750676,15.220373045579118,14.686583848985897,clip,cls
4,0.9955970557169621,0.000261327662117469,0.004141616620920422,16.637399090879313,12.378866630729508,clip,cls
5,1.0,0.0,0.0,20.66264742932337,8.220448742977762,clip,cls
6,0.9746287466611364,0.01567618028502503,0.009695073053838557,20.876880921634513,8.064239874705509,clip,cls
7,0.9924017609142494,0.0,0.0075982390857506354,22.821856392513684,6.84311083198616,clip,cls
8,0.9742053628173579,0.007284333983908204,0.018510303198733875,24.28807968256341,6.112280750025336,clip,cls
1,0.9994588004409182,0.0,0.0005411995590818286,5.993584838838398,91.88667861250381,clip,mean
2,0.9995549637897215,0.0,0.00044503621027847107,12.575144106055557,21.270128097376293,clip,mean
3,0.9970781552077373,0.0,0.002921844792262651,14.22965324606132,16.726401220450494,clip,mean
4,1.0,0.0,0.0,17.32139374754439,11.46250011372524,clip,mean
5,0.9899110318888704,0.0,0.010088968111129581,18.455242189922018,10.1625509751197,clip,mean
6,1.0,0.0,0.0,19.867548030526233,8.845410036766348,clip,mean
7,0.9928986704344247,0.007032096123819237,6.923344175606156e-05,21.233587129648075,7.8146506256301,clip,mean
8,0.9766099082446096,0.004317687435893686,0.019072404319496732,21.121287554884,7.891852260691006,clip,mean
1,1.0,0.0,0.0,0.810325205192807,5000.0,dinov2,slot
2,1.0,0.0,0.0,0.810325205192807,5000.0,dinov2,slot
3,1.0,0.0,0.0,0.810325205192807,5000.0,dinov2,slot
4,1.0,0.0,0.0,0.810325205192807,5000.0,dinov2,slot
5,1.0,0.0,0.0,0.810325205192807,5000.0,dinov2,slot
6,1.0,0.0,0.0,0.810325205192807,5000.0,dinov2,slot
7,1.0,0.0,0.0,0.810325205192807,5000.0,dinov2,slot
8,1.0,0.0,0.0,0.810325205192807,5000.0,dinov2,slot
1,1.0,0.0,0.0,7.236951185889129,63.184093076825846,dinov2,cls
2,1.0,0.0,0.0,17.833475849890267,10.844561587712473,dinov2,cls
3,0.9883885756182872,0.0,0.01161142438171281,20.317871521856283,8.482381461819031,dinov2,cls
4,0.9875943005123756,0.012358826300001726,4.687318762265115e-05,23.658148515518427,6.409348682334139,dinov2,cls
5,0.9544217575719209,0.0003199656299565947,0.04525827679812247,25.280322803025946,5.689519897659928,dinov2,cls
6,0.9647821938305042,0.035139133940761756,7.867222873401275e-05,28.538373555647183,4.605056453423951,dinov2,cls
7,0.98156699885677,0.017030861790890577,0.0014021393523394113,29.103979234977945,4.453998417744271,dinov2,cls
8,0.9646713924546628,0.0351833254240673,0.0001452821212698796,33.91321667761624,3.4660979967403085,dinov2,cls
1,1.0,0.0,0.0,7.376272318409028,60.838792765237926,dinov2,mean
2,1.0,0.0,0.0,15.079482676355806,14.952308735366227,dinov2,mean
3,1.0,0.0,0.0,17.337806524396157,11.44183843359109,dinov2,mean
4,0.9967439917614357,0.00314493620020314,0.0001110720383611717,20.205476650127267,8.570703996258105,dinov2,mean
5,1.0,0.0,0.0,24.386826031522187,6.067829946757598,dinov2,mean
6,0.9806813001958559,0.01171225364596556,0.0076064461581785755,23.599474610570024,6.438259723121631,dinov2,mean
7,0.9900872799173616,0.0,0.009912720082638438,24.09583920001849,6.200424307956101,dinov2,mean
8,0.9709529005475109,0.008751071838476324,0.020296027614012745,27.240478358922697,4.989241737913534,dinov2,mean
1,1.0,0.0,0.0,0.810325205192807,5000.0,dinov2_reg,slot
2,1.0,0.0,0.0,0.810325205192807,5000.0,dinov2_reg,slot
3,1.0,0.0,0.0,0.810325205192807,5000.0,dinov2_reg,slot
4,1.0,0.0,0.0,0.810325205192807,5000.0,dinov2_reg,slot
5,1.0,0.0,0.0,0.810325205192807,5000.0,dinov2_reg,slot
6,1.0,0.0,0.0,0.810325205192807,5000.0,dinov2_reg,slot
7,1.0,0.0,0.0,0.810325205192807,5000.0,dinov2_reg,slot
8,1.0,0.0,0.0,0.810325205192807,5000.0,dinov2_reg,slot
1,1.0,0.0,0.0,7.4828272070872455,59.1327911764595,dinov2_reg,cls
2,1.0,0.0,0.0,18.091958252861705,10.552452671906678,dinov2_reg,cls
3,0.9852858521534441,0.0,0.014714147846555892,20.83306119815502,8.095796164953795,dinov2_reg,cls
4,0.9558055805366867,0.004067675662285337,0.040126743801027924,24.41797819964073,6.053920932485206,dinov2_reg,cls
5,0.9376001019637346,0.061562525966116034,0.00083737207014941,27.929589082001836,4.778371876087978,dinov2_reg,cls
6,0.9634006068629596,0.03657451779157036,2.4875345470055932e-05,29.556386095673417,4.339563190158137,dinov2_reg,cls
7,0.9284940337103197,0.05190384239185636,0.019602123897823953,33.03197196679112,3.6149338000620936,dinov2_reg,cls
8,0.9187728239827437,0.07576050901974486,0.005466666997511402,35.72419148335151,3.193720469476207,dinov2_reg,cls
1,0.9949355616496016,0.0,0.005064438350398381,7.739771381149831,55.30493125127837,dinov2_reg,mean
2,0.9978180673901622,0.0,0.002181932609837789,17.674246253286242,11.030943798627517,dinov2_reg,mean
3,0.9947928669981058,0.0,0.0052071330018942374,21.969001883781235,7.33827757848192,dinov2_reg,mean
4,0.9943313433011568,0.005591298569349366,7.735812949383365e-05,25.17992780222891,5.7299810043003605,dinov2_reg,mean
5,0.9861156273882292,0.013581692433668087,0.00030268017810269193,29.512793357270812,4.350353861616102,dinov2_reg,mean
6,0.9607778975296166,0.03922135023178032,7.522386030606176e-07,27.349540792966177,4.9547679916590335,dinov2_reg,mean
7,0.9792592888489315,0.005009955727178617,0.015730755423889842,28.28049644856884,4.677059905867779,dinov2_reg,mean
8,0.9398398581549761,0.055763480797565476,0.004396661047458464,30.17199057269217,4.192290743555686,dinov2_reg,mean
1,1.0,0.0,0.0,0.810325205192807,5000.0,mae,slot
2,1.0,0.0,0.0,0.810325205192807,5000.0,mae,slot
3,1.0,0.0,0.0,0.810325205192807,5000.0,mae,slot
4,1.0,0.0,0.0,0.810325205192807,5000.0,mae,slot
5,1.0,0.0,0.0,0.810325205192807,5000.0,mae,slot
6,1.0,0.0,0.0,0.810325205192807,5000.0,mae,slot
7,1.0,0.0,0.0,0.810325205192807,5000.0,mae,slot
8,1.0,0.0,0.0,0.810325205192807,5000.0,mae,slot
1,1.0,0.0,0.0,7.079495622705293,66.00312447325878,mae,cls
2,0.990174669663092,0.004960174198340515,0.004865156138567507,15.41788990185716,14.326273781803206,mae,cls
3,0.981009224469967,0.0029542156829109965,0.016036559847122038,20.068931254960944,8.680022001941872,mae,cls
4,0.974745326422475,0.003942950415263289,0.021311723162261688,25.142529799373595,5.745180316557572,mae,cls
5,0.960477078735837,0.03931144991499768,0.00021147134916533333,27.38528646271872,4.943561528702061,mae,cls
6,0.9431592188211406,0.04762669901456148,0.0092140821642979,28.458398001483232,4.6271705678561075,mae,cls
7,0.955529408574223,0.04370291287292786,0.00076767855284917,33.18914641008281,3.58751700798476,mae,cls
8,0.8587120095799707,0.14084119293086114,0.00044679748916812145,29.658468372989372,4.314486203300473,mae,cls
1,1.0,0.0,0.0,7.5560155155296025,58.00258789193112,mae,mean
2,1.0,0.0,0.0,20.550133762592846,8.304468418716004,mae,mean
3,0.956084486485421,0.026425067153494085,0.017490446361084922,24.338411759687613,6.08955464583965,mae,mean
4,0.9620192755841331,0.0220696676545555,0.01591105676131136,24.60346738458968,5.972217262651281,mae,mean
5,0.9212569466427901,0.07358820915288486,0.005154844204325021,27.26335010854598,4.981976742577548,mae,mean
6,0.9166899161739523,0.08301356743288404,0.00029651639316360945,27.430909525939878,4.929324133139124,mae,mean
7,0.866055509488896,0.12857729109212335,0.005367199418980673,25.498961604993468,5.60309432405355,mae,mean
8,0.9167365423283597,0.08277160714190993,0.0004918505297304143,30.05085186333053,4.22053559117441,mae,mean
1,1.0,0.0,0.0,0.810325205192807,5000.0,random,slot
2,1.0,0.0,0.0,0.810325205192807,5000.0,random,slot
3,1.0,0.0,0.0,0.810325205192807,5000.0,random,slot
4,1.0,0.0,0.0,0.810325205192807,5000.0,random,slot
5,1.0,0.0,0.0,0.810325205192807,5000.0,random,slot
6,1.0,0.0,0.0,0.810325205192807,5000.0,random,slot
7,1.0,0.0,0.0,0.810325205192807,5000.0,random,slot
8,1.0,0.0,0.0,0.810325205192807,5000.0,random,slot
1,1.0,0.0,0.0,5.0943674503207665,126.9941457795029,random,cls
2,1.0,0.0,0.0,21.87363026209035,7.397326307377003,random,cls
3,0.9470848562523398,0.049157827112297034,0.00375731663536312,28.72349594659198,4.554598608647817,random,cls
4,0.9283675319131196,0.06261132543159864,0.009021142655281755,28.39526576225952,4.644763945476783,random,cls
5,0.8126126072384624,0.15675673257308054,0.03063066018845706,28.22663678826912,4.6923565817414055,random,cls
6,0.9483439458519077,0.0484690317642304,0.0031870223838618705,32.00695872704561,3.8038336985156747,random,cls
7,0.9281076039226603,0.07168848670632173,0.00020390937101792683,32.71351103627874,3.6717073369022493,random,cls
8,0.9489695164734455,0.047335697128777755,0.0036947863977767267,35.802753510231405,3.182808122613507,random,cls
1,1.0,0.0,0.0,7.314380851179854,61.86412103279939,random,mean
2,1.0,0.0,0.0,24.59363776901802,5.976499613482243,random,mean
3,0.8129014706564615,0.15805661795407638,0.02904191138946216,27.787242738731738,4.82060530387041,random,mean
4,0.9273790509643719,0.06250050202729923,0.01012044700832887,33.0911427858636,3.604566288885111,random,mean
5,0.9049396632456367,0.09505010773517988,1.0229019183433108e-05,39.138693705632384,2.7754129209496607,random,mean
6,0.8892976328658369,0.10132847925246488,0.009373887881698267,34.625415712663866,3.3539730052992356,random,mean
7,0.9293175893403853,0.06265419664360615,0.00802821401600852,39.43475885827268,2.7438115254115947,random,mean
8,0.8595173076074168,0.14041236138109991,7.033101148323784e-05,40.38675576431623,2.6463922710521652,random,mean
