SetSize,Pm,sd,kappa,encoder,readout
1,1.0,2.5636283628152627,500.0,supervised,slot
2,1.0,2.5636283628152627,500.0,supervised,slot
3,1.0,2.5636283628152627,500.0,supervised,slot
4,1.0,2.5636283628152627,500.0,supervised,slot
5,1.0,2.5636283628152627,500.0,supervised,slot
6,1.0,2.5636283628152627,500.0,supervised,slot
7,1.0,2.5636283628152627,500.0,supervised,slot
8,1.0,2.5636283628152627,500.0,supervised,slot
1,1.0,6.05154308690606,90.14465079400897,supervised,cls
2,1.0,10.72443320541948,29.050343924033907,supervised,cls
3,0.995361451280788,14.478836069549564,16.173671721942636,supervised,cls
4,0.9977879620070914,15.431875467309533,14.301285476775007,supervised,cls
5,0.9973779703456395,17.02791458912584,11.842131847423031,supervised,cls
6,0.981859532967106,18.31184264691912,10.313675685696733,supervised,cls
7,0.9870385553538992,18.972356159952096,9.64586849393998,supervised,cls
8,0.9750227831839443,21.84977657806249,7.412217588500933,supervised,cls
1,1.0,4.519064910152122,161.250238973732,supervised,mean
2,1.0,8.542254535213623,45.4930962424718,supervised,mean
3,1.0,10.637680037695473,29.5176651000758,supervised,mean
4,1.0,11.832561984041869,23.956276308147793,supervised,mean
5,1.0,13.545285050253414,18.40471029520738,supervised,mean
6,0.9904120378856883,14.826650343034403,15.448325060271038,supervised,mean
7,0.9952770165749709,16.585475710862564,12.45310909677491,supervised,mean
8,0.9872851990459556,17.017546363329153,11.855905127685512,supervised,mean
1,1.0,2.5636283628152627,500.0,clip,slot
2,1.0,2.5636283628152627,500.0,clip,slot
3,1.0,2.5636283628152627,500.0,clip,slot
4,1.0,2.5636283628152627,500.0,clip,slot
5,1.0,2.5636283628152627,500.0,clip,slot
6,1.0,2.5636283628152627,500.0,clip,slot
7,1.0,2.5636283628152627,500.0,clip,slot
8,1.0,2.5636283628152627,500.0,clip,slot
1,1.0,7.494238940284828,58.95438500863217,clip,cls
2,1.0,13.160548033560662,19.465412938757122,clip,cls
3,0.996977977115687,15.22037610431556,14.686578160201982,clip,cls
4,0.9957075770297228,16.647813104282932,12.364059982860837,clip,cls
5,1.0,20.662649537166324,8.220447181893462,clip,cls
6,0.9768814048794404,20.95646329481885,8.007439304057513,clip,cls
7,0.9924018394739281,22.82185970806066,6.84310901565877,clip,cls
8,0.9748462637308902,24.31002913177822,6.102352335888131,clip,cls
1,0.9994587396666194,5.993572694534042,91.88704893338678,clip,mean
2,0.9995549986389627,12.575151436787598,21.27010390645534,clip,mean
3,0.9970781994210298,14.229654505552325,16.72639835299276,clip,mean
4,1.0,17.321389360523433,11.46250564432647,clip,mean
5,0.9899110244743301,18.45523771975829,10.162555631026907,clip,mean
6,1.0,19.867547622950383,8.845410376624349,clip,mean
7,0.9920659285332722,20.687494568158098,8.202080175513068,clip,mean
8,0.9766345595999313,21.120802012694895,7.892188753688521,clip,mean
1,1.0,2.5636283628152627,500.0,dinov2,slot
2,1.0,2.5636283628152627,500.0,dinov2,slot
3,1.0,2.5636283628152627,500.0,dinov2,slot
4,1.0,2.5636283628152627,500.0,dinov2,slot
5,1.0,2.5636283628152627,500.0,dinov2,slot
6,1.0,2.5636283628152627,500.0,dinov2,slot
7,1.0,2.5636283628152627,500.0,dinov2,slot
8,1.0,2.5636283628152627,500.0,dinov2,slot
1,1.0,7.236963130388329,63.18388618111687,dinov2,cls
2,1.0,17.833473273997864,10.84456456239159,dinov2,cls
3,0.988388571542498,20.31787019888052,8.482382492762728,dinov2,cls
4,0.9860161079947574,23.48661306600039,6.494492790648116,dinov2,cls
5,0.9543977200141376,25.277508499482927,5.690647384900434,dinov2,cls
6,0.972382748134568,28.913373397692347,4.503881758943031,dinov2,cls
7,0.9843486379987612,29.296740782389207,4.404570235087002,dinov2,cls
8,0.9740738574875286,32.2741639275006,3.752831995174285,dinov2,cls
1,1.0,7.376264075699252,60.83892760238171,dinov2,mean
2,1.0,15.07948582471257,14.952302713951607,dinov2,mean
3,1.0,17.33780680513237,11.441838080681887,dinov2,mean
4,0.9943889035739549,20.00702177632683,8.730330886410153,dinov2,mean
5,1.0,24.38682697790399,6.067829523383784,dinov2,mean
6,0.981110333964825,23.62370226103629,6.4262951767100125,dinov2,mean
7,0.9900856332975716,24.0958447255203,6.200421743490105,dinov2,mean
8,0.972197888724159,27.3235819176545,4.962934732733224,dinov2,mean
1,1.0,2.5636283628152627,500.0,dinov2_reg,slot
2,1.0,2.5636283628152627,500.0,dinov2_reg,slot
3,1.0,2.5636283628152627,500.0,dinov2_reg,slot
4,1.0,2.5636283628152627,500.0,dinov2_reg,slot
5,1.0,2.5636283628152627,500.0,dinov2_reg,slot
6,1.0,2.5636283628152627,500.0,dinov2_reg,slot
7,1.0,2.5636283628152627,500.0,dinov2_reg,slot
8,1.0,2.5636283628152627,500.0,dinov2_reg,slot
1,1.0,7.482828767080717,59.13276673238364,dinov2_reg,cls
2,1.0,18.09195633904492,10.552454788279045,dinov2_reg,cls
3,0.9852858443731789,20.83305847462433,8.095798132518661,dinov2_reg,cls
4,0.9559424285665388,24.41802226136868,6.053901298041743,dinov2_reg,cls
5,0.943439255908156,28.042343543494493,4.745388965210605,dinov2_reg,cls
6,0.9674112099331538,29.802634601822145,4.279522803335365,dinov2_reg,cls
7,0.9284764616360824,32.760921302033196,3.6631495575840773,dinov2_reg,cls
8,0.942350555878137,37.05728557573609,3.0174626369098605,dinov2_reg,cls
1,0.9949355540999623,7.739771976336348,55.3049228235076,dinov2_reg,mean
2,0.9978180833928426,17.674246006281304,11.030944091680087,dinov2_reg,mean
3,0.9947924668240498,21.96892970200226,7.338321975370666,dinov2_reg,mean
4,0.9961359019568907,25.187580224907897,5.726879454543984,dinov2_reg,mean
5,0.9886350426728682,28.966522664299713,4.489869730748212,dinov2_reg,mean
6,0.9753403260906539,27.719333585792356,4.840990988750782,dinov2_reg,mean
7,0.9791322376903877,28.247798111332724,4.686335766687176,dinov2_reg,mean
8,0.9603426689917084,30.755557884608464,4.060999456035473,dinov2_reg,mean
1,1.0,2.5636283628152627,500.0,mae,slot
2,1.0,2.5636283628152627,500.0,mae,slot
3,1.0,2.5636283628152627,500.0,mae,slot
4,1.0,2.5636283628152627,500.0,mae,slot
5,1.0,2.5636283628152627,500.0,mae,slot
6,1.0,2.5636283628152627,500.0,mae,slot
7,1.0,2.5636283628152627,500.0,mae,slot
8,1.0,2.5636283628152627,500.0,mae,slot
1,1.0,7.0794990810205745,66.00306048343947,mae,cls
2,0.9912078162548077,15.468606583473738,14.235980271050911,mae,cls
3,0.981624930272979,20.099430588025236,8.655409558031435,mae,cls
4,0.9756534146783391,25.19626881555945,5.723361454601028,mae,cls
5,0.9586770806631267,26.791997621419572,5.135602617502736,mae,cls
6,0.9412532417070612,28.059484094524905,4.740410974041057,mae,cls
7,0.9608903695405006,33.04771839047981,3.612169357004567,mae,cls
8,0.867078690495252,29.711810165191487,4.301488482873987,mae,cls
1,1.0,7.5560182322717955,58.002546547533996,mae,mean
2,1.0,20.550121371044902,8.304477748800782,mae,mean
3,0.9565204810022381,24.250770190252787,6.129220198043012,mae,mean
4,0.9629754185224254,24.511290594026555,6.012581998018331,mae,mean
5,0.9193264907071631,26.588228787222896,5.204641582125192,mae,mean
6,0.9065953018831051,26.41868068546002,5.263346118189665,mae,mean
7,0.9321996459996758,30.37349089355296,4.14607680962511,mae,mean
8,0.9277330670610661,31.0562241335373,3.9963009437593904,mae,mean
1,1.0,2.5636283628152627,500.0,random,slot
2,1.0,2.5636283628152627,500.0,random,slot
3,1.0,2.5636283628152627,500.0,random,slot
4,1.0,2.5636283628152627,500.0,random,slot
5,1.0,2.5636283628152627,500.0,random,slot
6,1.0,2.5636283628152627,500.0,random,slot
7,1.0,2.5636283628152627,500.0,random,slot
8,1.0,2.5636283628152627,500.0,random,slot
1,1.0,5.094354253709723,126.99480111369999,random,cls
2,1.0,21.87363015560168,7.397326373745274,random,cls
3,0.9903689465654626,29.124871589400648,4.4485921400204536,random,cls
4,0.9721750642152316,31.56824217287981,3.8904446984189867,random,cls
5,0.9700497106810465,34.27410691709479,3.4084184767874515,random,cls
6,0.9652838441197509,33.219926293663946,3.5821935583555815,random,cls
7,0.941262156857148,33.81778183247789,3.481657881534185,random,cls
8,0.9741696460596873,38.65643088494195,2.8283034875942694,random,cls
1,1.0,7.314395065012367,61.86388256611714,random,mean
2,1.0,24.59364031557346,5.976498503374893,random,mean
3,0.9670244432661815,31.514999838365853,3.9012072360879246,random,mean
4,0.9767838633679659,34.28957064299852,3.4059871597514557,random,mean
5,0.919303970488295,33.79495539808747,3.485398976630372,random,mean
6,0.9436811912753286,36.205527444420234,3.127931834027344,random,mean
7,0.9332079645208485,39.55111565314573,2.731566617491122,random,mean
8,0.9024403031311222,41.063487483094256,2.5807644750074803,random,mean
